ID;Titulo;Edad Minima;Edad Maxima;Instrumento;Objetivo;Duracion;Instrucciones
ACT 1;El Eco Musical;4;7;Ninguno;Desarrollar la escucha, la memoria auditiva y la capacidad de imitar patrones sonoros.;10 minutos;El docente realiza un sonido corto con palmas, golpes suaves o la voz. Los niños deben repetir exactamente el mismo sonido. Comenzar con patrones sencillos y aumentar progresivamente la dificultad.
ACT 2;El Director Invisible;5;9;Ninguno;Trabajar atención, coordinación y seguimiento de instrucciones musicales.;15 minutos;Un niño se convierte en director y realiza movimientos que representan sonidos o ritmos. El resto del grupo debe imitarlos. Después de un minuto se cambia de director.
ACT 3;La Estatua Musical;4;8;Ninguno;Desarrollar el control corporal, la atención y la reacción ante cambios musicales.;10 minutos;Los niños se desplazan libremente mientras suena música. Cuando la música se detiene deben quedarse completamente inmóviles. Quien se mueva realiza un pequeño reto musical y vuelve al juego.
ACT 4;Semáforo del Ritmo;4;7;Percusión corporal;Reconocer diferentes velocidades y responder corporalmente a instrucciones musicales.;10 minutos;El docente utiliza tres señales: verde para ritmo rápido, amarillo para ritmo lento y rojo para quedarse quietos. Puede acompañar cada señal con música o percusión corporal.
ACT 5;La Lluvia Musical;3;6;Ninguno;Explorar sonidos corporales y crear una secuencia sonora colectiva.;10 minutos;El docente representa una lluvia utilizando sonidos corporales: frotar manos, chasquear dedos, palmear suavemente y golpear las piernas. Los niños imitan cada sonido mientras la lluvia aumenta y disminuye.
ACT 6;Adivina el Instrumento;5;9;Instrumentos variados;Desarrollar la discriminación auditiva y reconocer diferentes timbres.;15 minutos;El docente toca un instrumento sin mostrarlo. Los niños escuchan atentamente y deben adivinar qué instrumento produjo el sonido. Después pueden explicar qué características escucharon.
ACT 7;La Orquesta de Animales;4;8;Instrumentos de percusión;Relacionar sonidos musicales con animales y desarrollar creatividad sonora.;15 minutos;Asignar un sonido o instrumento a diferentes animales. El docente narra una pequeña historia y los niños deben producir el sonido correspondiente cuando aparezca cada animal.
ACT 8;Ritmo con Nombres;4;8;Percusión corporal;Desarrollar la percepción rítmica utilizando palabras conocidas.;10 minutos;Cada niño dice su nombre marcando una palmada por cada sílaba. Después el grupo repite el nombre siguiendo el mismo ritmo.
ACT 9;El Tren Musical;3;7;Ninguno;Trabajar pulso, coordinación motriz y seguimiento de cambios de velocidad.;10 minutos;Los niños forman una fila como si fueran un tren. Caminan siguiendo un pulso marcado por el docente. El tren puede acelerar, disminuir la velocidad, detenerse y cambiar de dirección.
ACT 10;Detectives de Sonidos;5;10;Ninguno;Desarrollar la escucha atenta y la identificación de sonidos del entorno.;15 minutos;Los niños cierran los ojos durante unos segundos y escuchan los sonidos que los rodean. Después deben mencionar qué escucharon y clasificarlos como fuertes, suaves, cercanos o lejanos.
ACT 11;La Pelota del Pulso;4;8;Ninguno;Mantener un pulso constante y mejorar la coordinación grupal.;10 minutos;Los niños se sientan formando un círculo y pasan una pelota siguiendo un pulso constante marcado por el docente. Gradualmente se aumenta la velocidad.
ACT 12;Ritmo Pregunta y Respuesta;5;10;Percusión corporal;Desarrollar improvisación, memoria rítmica y capacidad de respuesta.;15 minutos;El docente interpreta un patrón rítmico como pregunta. Un niño o todo el grupo responde con otro patrón. Alternar diferentes combinaciones y permitir que los niños creen sus propias respuestas.
ACT 13;La Máquina Musical;5;9;Ninguno;Estimular la creatividad, coordinación y creación colectiva de secuencias.;15 minutos;Un niño inicia realizando un movimiento repetitivo acompañado de un sonido. Los demás se incorporan uno por uno hasta construir una gran máquina musical.
ACT 14;Cazadores de Silencios;4;8;Ninguno;Comprender el contraste entre sonido y silencio y mejorar el control corporal.;10 minutos;Los niños se mueven mientras hay música. Cuando el docente levanta una señal de silencio deben detenerse y permanecer sin producir ningún sonido durante unos segundos.
ACT 15;El Ritmo Secreto;6;10;Percusión corporal;Desarrollar memoria auditiva y reproducción de secuencias rítmicas.;15 minutos;El docente crea un patrón rítmico y lo presenta como un código secreto. Los niños deben memorizarlo y reproducirlo después de unos segundos sin verlo.
ACT 16;Pinta la Música;4;9;Ninguno;Relacionar la música con expresiones visuales y desarrollar creatividad.;20 minutos;Reproducir diferentes fragmentos musicales. Los niños dibujan líneas, formas o colores que representen lo que sienten al escuchar cada fragmento.
ACT 17;Bailando las Emociones;4;8;Ninguno;Identificar emociones mediante música y movimiento corporal.;15 minutos;El docente reproduce diferentes músicas asociadas con alegría, tristeza, calma, sorpresa o energía. Los niños deben representar cada emoción únicamente mediante movimientos.
ACT 18;El Tambor Parlante;5;10;Tambor;Desarrollar improvisación rítmica y expresión musical.;15 minutos;Un niño recibe el tambor y crea un pequeño ritmo. El resto del grupo escucha. Después otro niño responde con un ritmo diferente, creando una conversación musical.
ACT 19;La Carrera de Ritmos;6;10;Percusión corporal;Desarrollar velocidad, coordinación y precisión rítmica.;15 minutos;El docente propone un patrón sencillo. Los niños deben repetirlo. Cada ronda agrega una pequeña variación hasta construir una secuencia cada vez más larga.
ACT 20;¿Qué Sonido Falta?;5;9;Instrumentos de percusión;Trabajar memoria auditiva y reconocimiento de cambios en una secuencia.;15 minutos;Colocar varios instrumentos y tocarlos en una secuencia. Repetir la secuencia eliminando un instrumento. Los niños deben identificar cuál sonido desapareció.
ACT 21;La Banda del Salón;5;10;Instrumentos de percusión;Experimentar con la interpretación grupal y la organización musical.;20 minutos;Dividir al grupo en pequeñas secciones. Cada sección recibe un instrumento o sonido corporal. El docente dirige entradas, pausas y cambios de intensidad para crear una pieza grupal.
ACT 22;El Explorador del Volumen;4;8;Instrumentos de percusión;Comprender y diferenciar sonidos fuertes y suaves.;10 minutos;Los niños tocan instrumentos siguiendo las indicaciones del docente: fuerte, suave, muy fuerte y muy suave. Alternar rápidamente para desarrollar control.
ACT 23;La Escalera de Sonidos;5;9;Xilófono;Comprender la idea de sonidos ascendentes y descendentes.;15 minutos;El docente toca notas que suben o bajan. Los niños indican con sus manos si el sonido sube o baja. Después pueden intentar reproducir pequeñas secuencias.
ACT 24;El Detective del Pulso;5;9;Ninguno;Identificar y mantener el pulso constante de una canción.;10 minutos;Reproducir una canción conocida y pedir a los niños que marquen el pulso caminando, palmoteando o golpeando suavemente las piernas.
ACT 25;El Eco de los Animales;3;6;Ninguno;Desarrollar imitación vocal y exploración de diferentes alturas y timbres.;10 minutos;El docente imita diferentes animales utilizando la voz. Los niños deben repetirlos. Después pueden crear nuevos animales imaginarios y compartir sus sonidos.
ACT 26;La Historia con Sonidos;5;10;Instrumentos variados;Estimular imaginación, expresión sonora y escucha grupal.;20 minutos;El docente cuenta una historia corta y asigna sonidos para determinados acontecimientos. Los niños deben producir cada sonido en el momento adecuado durante la narración.
ACT 27;El Volcán Musical;4;8;Percusión corporal;Experimentar gradualmente con intensidad, velocidad y silencio.;10 minutos;Comenzar con pequeños sonidos corporales como si el volcán estuviera despertando. Aumentar progresivamente la intensidad hasta una gran erupción y terminar regresando lentamente al silencio.
ACT 28;La Sombra Musical;4;8;Ninguno;Mejorar coordinación, atención e imitación de movimientos.;10 minutos;Los niños trabajan en parejas. Uno realiza movimientos al ritmo de la música y el otro debe imitarlo como si fuera su sombra. Después intercambian roles.
ACT 29;El Mensaje Rítmico;6;10;Percusión corporal;Desarrollar memoria, secuenciación y comunicación mediante ritmos.;15 minutos;El docente asigna sonidos a diferentes palabras o mensajes. Los niños deben transmitir una frase utilizando únicamente los ritmos asociados a sus palabras.
ACT 30;Construye tu Instrumento;5;10;Material reciclado;Estimular creatividad y comprender cómo diferentes materiales producen sonidos.;30 minutos;Utilizar materiales seguros como vasos, cajas, tubos o recipientes. Los niños construyen un instrumento sencillo y experimentan con diferentes formas de producir sonidos.
ACT 31;La Caja Misteriosa;4;8;Objetos sonoros;Desarrollar discriminación auditiva y curiosidad musical.;15 minutos;Colocar diferentes objetos sonoros dentro de una caja o detrás de una pantalla. Producir un sonido sin mostrar el objeto y pedir a los niños que descubran qué lo produjo.
ACT 32;El Ritmo de la Naturaleza;4;9;Instrumentos de percusión;Relacionar sonidos musicales con fenómenos naturales y estimular creatividad.;15 minutos;Los niños representan lluvia, viento, truenos, hojas y animales mediante instrumentos o sonidos corporales. Crear juntos una composición que represente un paisaje natural.
ACT 33;El Director de Intensidad;6;10;Instrumentos de percusión;Comprender y controlar cambios de intensidad durante una interpretación.;15 minutos;Un niño dirige al grupo utilizando gestos para indicar tocar muy suave, suave, fuerte y muy fuerte. El grupo debe reaccionar inmediatamente a cada señal.
ACT 34;Memoria Musical;5;10;Instrumentos de percusión;Desarrollar memoria visual, auditiva y capacidad de reproducir secuencias.;15 minutos;El docente coloca tres o cuatro instrumentos en un orden determinado y toca una secuencia. Los niños deben recordar el orden y reproducirlo correctamente.
ACT 35;El Camino del Ritmo;4;8;Ninguno;Combinar movimiento corporal y percepción rítmica.;15 minutos;Crear un camino imaginario donde cada tramo tenga un movimiento diferente: caminar, saltar, palmear o girar. Los niños deben avanzar siguiendo el ritmo indicado.
ACT 36;La Canción Congelada;4;8;Ninguno;Desarrollar atención auditiva y control de movimientos.;10 minutos;Los niños bailan mientras escuchan una canción. En determinados momentos el docente pausa la música y todos deben congelarse exactamente en la posición en la que estaban.
ACT 37;Crea un Final;6;10;Instrumentos de percusión;Estimular creatividad, composición e improvisación musical.;15 minutos;El docente interpreta o reproduce una pequeña secuencia musical y se detiene antes del final. Los niños deben inventar diferentes finales utilizando voz, cuerpo o instrumentos.
ACT 38;La Orquesta del Clima;4;9;Instrumentos de percusión;Explorar timbre, intensidad y creación musical colectiva.;15 minutos;Asignar instrumentos diferentes a lluvia, viento, truenos y sol. El docente narra cambios del clima y los niños modifican sus sonidos según la historia.
ACT 39;Palmas Viajeras;3;7;Percusión corporal;Desarrollar coordinación y sentido del pulso en grupo.;10 minutos;Los niños forman un círculo y realizan una palmada siguiendo el pulso. La palmada debe viajar de un niño al siguiente sin perder el ritmo.
ACT 40;El Robot Musical;4;8;Ninguno;Trabajar ritmo, coordinación y control corporal mediante el juego simbólico.;10 minutos;Los niños imaginan que son robots musicales. Cada tipo de sonido o ritmo activa un movimiento diferente. El docente cambia las señales y los robots deben reaccionar.
ACT 41;La Batuta Mágica;4;9;Ninguno;Desarrollar expresión corporal, atención y seguimiento de señales musicales.;10 minutos;El docente utiliza una batuta o elemento similar para indicar diferentes acciones: caminar, saltar, girar, detenerse o moverse lentamente. Los niños deben seguir las señales.
ACT 42;El Corazón del Ritmo;5;9;Percusión corporal;Comprender el pulso mediante una representación corporal sencilla.;10 minutos;Los niños colocan una mano sobre el pecho e imaginan que el ritmo musical es un corazón. Marcan un pulso constante con las palmas o los pies mientras escuchan música.
ACT 43;La Serpiente Musical;3;7;Ninguno;Trabajar coordinación grupal, desplazamiento y cambios de velocidad.;10 minutos;Los niños forman una serpiente tomándose suavemente de los hombros. Se desplazan siguiendo la música y cambian de velocidad cuando cambia el tempo.
ACT 44;Adivina la Emoción;5;10;Ninguno;Desarrollar reconocimiento de emociones mediante elementos musicales.;15 minutos;Reproducir fragmentos musicales con diferentes características. Los niños deben elegir una emoción y explicar qué elementos de la música les hicieron pensar en ella.
ACT 45;La Orquesta de las Letras;5;9;Percusión corporal;Relacionar lenguaje y ritmo mediante palabras y sílabas.;15 minutos;Seleccionar palabras conocidas por los niños. Cada palabra debe convertirse en un patrón de palmadas según sus sílabas. Después crear una secuencia utilizando varias palabras.
ACT 46;El Maestro Silencioso;6;10;Ninguno;Desarrollar comunicación no verbal y atención visual.;15 minutos;Un niño dirige al grupo únicamente con gestos, sin hablar. Debe indicar cuándo comenzar, detenerse, aumentar o disminuir la intensidad de los movimientos.
ACT 47;Viaje Musical por el Espacio;4;9;Instrumentos de percusión;Estimular imaginación, exploración sonora y creación de ambientes musicales.;15 minutos;Los niños imaginan que viajan por diferentes planetas. Cada planeta tiene una forma distinta de moverse y producir sonidos. El grupo crea una pequeña banda sonora para el viaje.
ACT 48;El Código de las Palmas;6;10;Percusión corporal;Desarrollar reconocimiento de patrones y pensamiento secuencial.;15 minutos;Crear códigos donde una palmada represente una señal y dos palmadas otra. El docente presenta secuencias y los niños deben descifrarlas y reproducirlas correctamente.
ACT 49;La Ola Musical;4;8;Ninguno;Trabajar coordinación, atención y sincronización grupal.;10 minutos;Los niños forman un círculo. Un movimiento comienza en un participante y debe recorrer todo el círculo como una ola. Después incorporar sonidos o palmadas.
ACT 50;El Museo de los Sonidos;4;9;Instrumentos variados;Explorar timbres y desarrollar vocabulario para describir sonidos.;20 minutos;Presentar diferentes instrumentos y permitir que los niños exploren brevemente cada uno. Después deben elegir palabras para describir sus sonidos y clasificarlos como brillantes, oscuros, suaves, fuertes, largos o cortos.
ACT 51;El Ritmo del Nombre;3;7;Percusión corporal;Desarrollar conciencia silábica y coordinación rítmica.;10 minutos;Cada niño dice su nombre mientras marca una palmada por cada sílaba. El grupo repite el patrón y posteriormente combina varios nombres para crear una secuencia rítmica.
ACT 52;La Ruleta Musical;4;9;Instrumentos variados;Combinar diferentes habilidades musicales mediante retos breves y divertidos.;15 minutos;Crear una ruleta con acciones como cantar, palmear, tocar, bailar, imitar o hacer silencio. Cada niño gira la ruleta y realiza la acción que corresponda durante unos segundos.
ACT 53;El Detective del Tempo;6;10;Ninguno;Reconocer diferencias de velocidad en fragmentos musicales.;15 minutos;Reproducir fragmentos con tempos diferentes. Los niños deben identificar cuál es rápido, moderado o lento y demostrarlo caminando según la velocidad percibida.
ACT 54;La Pesca de Notas;5;9;Piano o teclado;Reconocer alturas de sonidos y relacionarlas con representaciones visuales.;15 minutos;"Preparar tarjetas con diferentes notas o símbolos. El docente toca una nota y los niños deben ""pescar"" la tarjeta que corresponde utilizando una caña de juguete o sus manos."
ACT 55;El Globo Musical;4;8;Ninguno;Trabajar coordinación, respiración y control del movimiento siguiendo música.;10 minutos;Los niños imaginan que sostienen un globo invisible. Cuando la música es suave lo mueven lentamente y cuando aumenta la intensidad imaginan que el globo crece y se eleva.
ACT 56;La Isla de los Ritmos;5;9;Percusión corporal;Practicar diferentes patrones rítmicos mediante desplazamientos imaginarios.;15 minutos;El salón se convierte en una isla dividida en zonas. Cada zona tiene un ritmo diferente que los niños deben realizar antes de avanzar hacia la siguiente.
ACT 57;El Restaurante Musical;5;9;Ninguno;Desarrollar creatividad, expresión vocal y asociación entre palabras y sonidos.;15 minutos;Los niños imaginan que trabajan en un restaurante donde cada alimento tiene un sonido especial. El docente pide diferentes platos y los niños deben representarlos vocal o corporalmente.
ACT 58;La Máquina de Voces;4;8;Ninguno;Explorar diferentes posibilidades de la voz de manera lúdica.;10 minutos;"El docente propone sonidos como ""mmm"", ""aaa"", ""uuu"", sonidos cortos y sonidos largos. Los niños imaginan que una máquina transforma cada sonido en otro diferente."
ACT 59;El Ascensor Musical;4;8;Ninguno;Comprender cambios de altura mediante movimientos corporales.;10 minutos;"Los niños imaginan que están dentro de un ascensor. Cuando el sonido sube, levantan progresivamente los brazos; cuando baja, los descienden. Después pueden acompañarlo con la voz."
ACT 60;El Mercado de Sonidos;5;9;Ninguno;Relacionar palabras cotidianas con patrones rítmicos.;15 minutos;El docente menciona diferentes productos de un mercado. Los niños convierten cada palabra en un pequeño ritmo utilizando palmadas, golpes en las piernas o pisadas.
ACT 61;La Foto Musical;4;9;Ninguno;Estimular expresión corporal y comprensión de características musicales.;10 minutos;"Reproducir diferentes fragmentos musicales. Cuando la música se detiene, los niños deben formar una ""foto"" corporal que represente cómo era la música que acababan de escuchar."
ACT 62;El Semáforo de la Voz;4;8;Ninguno;Controlar intensidad y duración de la voz.;10 minutos;Utilizar tarjetas de tres colores: una indica voz suave, otra voz normal y otra silencio. Los niños deben cantar o hablar siguiendo rápidamente las señales del docente.
ACT 63;La Carrera de Notas;6;10;Piano o teclado;Reconocer notas musicales básicas y mejorar la asociación visual-auditiva.;15 minutos;Colocar tarjetas con nombres de notas en diferentes puntos del salón. El docente toca una nota y los niños deben desplazarse hacia la tarjeta correspondiente.
ACT 64;El Teléfono Rítmico;6;10;Percusión corporal;Desarrollar memoria auditiva y precisión en la transmisión de patrones.;15 minutos;El docente susurra o realiza un pequeño ritmo al primer niño. El patrón pasa de niño en niño hasta llegar al último, quien lo reproduce para compararlo con el original.
ACT 65;El Árbol Musical;4;8;Ninguno;Explorar diferentes formas de movimiento asociadas con cambios musicales.;10 minutos;Los niños imaginan que son árboles. Con música suave mueven sus ramas lentamente y con música rápida las mueven con mayor energía. También deben reaccionar ante pausas musicales.
ACT 66;La Maleta del Músico;5;9;Instrumentos variados;Reconocer instrumentos y comprender sus características básicas.;15 minutos;Preparar una maleta con imágenes o pequeños instrumentos. Cada niño extrae uno y debe explicar cómo cree que se toca, qué sonido produce y en qué tipo de música podría utilizarse.
ACT 67;El Oráculo Musical;6;10;Ninguno;Estimular imaginación y expresión musical improvisada.;15 minutos;"Un niño recibe una tarjeta con una situación como ""un día de lluvia"", ""un viaje"", ""un monstruo"" o ""una fiesta"". Debe representarla mediante sonidos y movimientos para que los demás la adivinen."
ACT 68;La Escalera Corporal;4;8;Percusión corporal;Relacionar secuencias ascendentes con movimientos progresivos.;10 minutos;Asignar diferentes alturas corporales a sonidos: agachado para sonidos graves y de pie o con brazos arriba para sonidos agudos. El docente crea secuencias y los niños las representan.
ACT 69;La Película Musical;5;10;Instrumentos variados;Crear acompañamientos sonoros para desarrollar imaginación y composición.;20 minutos;El docente narra una escena como una película sin sonido. Los niños deben decidir qué sonidos, instrumentos o movimientos pueden utilizar para crear la banda sonora.
ACT 70;El Mapa del Sonido;5;10;Ninguno;Desarrollar orientación auditiva y percepción espacial.;15 minutos;Un niño permanece con los ojos cerrados mientras otro produce un sonido desde diferentes lugares del salón. Debe señalar de dónde provino el sonido.
ACT 71;La Fiesta de los Ritmos;4;9;Percusión corporal;Combinar distintos patrones rítmicos en una actividad grupal.;15 minutos;Dividir a los niños en grupos y asignar a cada uno un patrón sencillo. Cada grupo practica y después todos ejecutan sus patrones al mismo tiempo.
ACT 72;El Semáforo de las Notas;5;9;Piano o teclado;Reconocer sonidos agudos, medios y graves.;10 minutos;Utilizar tres señales para representar sonidos graves, medios y agudos. El docente toca diferentes notas y los niños levantan la señal correspondiente.
ACT 73;La Carrera de Estatuas;4;8;Ninguno;Combinar desplazamiento, escucha y control corporal.;10 minutos;Los niños caminan mientras suena música. Cuando el docente toca una señal deben detenerse y adoptar una pose relacionada con la música que estaba sonando.
ACT 74;El Sonido Perdido;5;9;Instrumentos variados;Desarrollar memoria auditiva y reconocimiento de secuencias sonoras.;15 minutos;El docente interpreta una pequeña secuencia con varios sonidos. Después repite la secuencia cambiando uno de ellos. Los niños deben descubrir qué sonido fue modificado.
ACT 75;El Concurso de Preguntas Musicales;6;10;Ninguno;Reforzar conocimientos musicales mediante preguntas dinámicas.;15 minutos;Preparar preguntas sencillas sobre instrumentos, ritmo, sonidos, canciones y conceptos musicales. Los niños responden individualmente o por equipos mediante tarjetas o gestos.
ACT 76;El Detective de las Canciones;5;10;Ninguno;Desarrollar reconocimiento auditivo y memoria musical.;15 minutos;Reproducir unos segundos de canciones conocidas por los niños. Deben intentar reconocerlas y explicar qué parte de la canción identificaron.
ACT 77;La Banda de los Objetos;4;9;Objetos cotidianos;Descubrir posibilidades musicales en objetos comunes.;15 minutos;Entregar objetos seguros como vasos, cajas, botellas vacías o cucharas. Los niños exploran diferentes formas de producir sonidos y después crean un ritmo grupal.
ACT 78;El Caminante Musical;4;8;Ninguno;Relacionar diferentes tipos de música con formas de desplazamiento.;10 minutos;El docente cambia entre música lenta, rápida, alegre, misteriosa y tranquila. Los niños deben modificar su manera de caminar según lo que escuchan.
ACT 79;La Tienda de Instrumentos;5;9;Instrumentos variados;Reconocer instrumentos y desarrollar comunicación mediante juego simbólico.;20 minutos;Convertir el salón en una tienda de instrumentos. Los niños representan compradores y vendedores mientras describen los instrumentos por su forma, sonido y manera de tocar.
ACT 80;La Clave Secreta Musical;6;10;Percusión corporal;Desarrollar pensamiento secuencial y asociación entre símbolos y sonidos.;15 minutos;Crear una clave donde determinados símbolos representen palmadas, pisadas, golpes suaves o silencios. Mostrar secuencias visuales que los niños deben interpretar.
ACT 81;El Pintor de Ritmos;5;9;Percusión corporal;Representar visualmente patrones rítmicos sencillos.;15 minutos;Entregar hojas y lápices. Los niños inventan símbolos para representar diferentes sonidos y luego utilizan sus dibujos para interpretar un pequeño ritmo.
ACT 82;El Caminito de las Notas;5;9;Piano o teclado;Relacionar secuencias de notas con desplazamiento y memoria.;15 minutos;Colocar tarjetas de notas formando un camino en el suelo. El docente toca una pequeña secuencia y el niño debe recorrer las tarjetas en el orden correcto.
ACT 83;La Radio Musical;6;10;Ninguno;Estimular expresión oral y comprensión de conceptos musicales.;20 minutos;Los niños imaginan que tienen un programa de radio. Uno presenta una canción, otro describe un instrumento y otro puede inventar una noticia musical para compartir con el grupo.
ACT 84;El Monstruo del Ritmo;4;8;Percusión corporal;Practicar patrones rítmicos mediante juego simbólico y repetición.;10 minutos;El docente representa un monstruo que solo puede caminar siguiendo determinados ritmos. Los niños deben reproducir el patrón para ayudar al monstruo a avanzar.
ACT 85;La Estatua de las Emociones;4;8;Ninguno;Relacionar música, emociones y expresión corporal estática.;10 minutos;Reproducir diferentes fragmentos musicales. Al detenerse la música, los niños deben quedarse inmóviles representando con el cuerpo la emoción que les produjo.
ACT 86;El Viaje de una Nota;6;10;Piano o teclado;Explorar duración, altura y movimiento asociado a sonidos musicales.;15 minutos;El docente toca una nota y los niños imaginan que es un personaje viajando. Según si la nota es grave, aguda, corta o larga, deben cambiar el movimiento del personaje.
ACT 87;El Código de los Pies;4;8;Percusión corporal;Desarrollar coordinación y precisión rítmica utilizando los pies.;10 minutos;Crear códigos sencillos con pisadas: una pisada significa avanzar, dos pisadas significan girar y una pausa significa detenerse. Los niños siguen las secuencias propuestas.
ACT 88;La Cocina Musical;4;8;Ninguno;Estimular imaginación y creación de secuencias sonoras.;15 minutos;Los niños imaginan que preparan una receta musical. Cada ingrediente corresponde a un sonido diferente. Deben combinar varios ingredientes para crear su propia receta sonora.
ACT 89;El Reloj Musical;5;9;Percusión corporal;Comprender regularidad y repetición mediante patrones cíclicos.;10 minutos;Los niños imaginan que son las piezas de un reloj. Cada grupo realiza un sonido repetitivo diferente mientras el docente coordina la entrada de cada sección.
ACT 90;El Fotógrafo Musical;5;10;Ninguno;Desarrollar observación, memoria y expresión corporal relacionada con música.;15 minutos;Un niño observa durante unos segundos una pose grupal creada por sus compañeros mientras suena música. Después se da la vuelta y el grupo cambia una posición. Debe descubrir qué cambió.
ACT 91;La Escultura Sonora;5;10;Ninguno;Desarrollar creatividad y representación corporal de conceptos musicales.;15 minutos;En pequeños grupos, los niños crean una escultura corporal que represente un concepto como ritmo, silencio, velocidad, fuerza o calma. Los demás deben adivinar qué representan.
ACT 92;El Viaje del Sonido;5;9;Instrumentos variados;Comprender cómo un sonido puede transformarse y combinarse con otros.;15 minutos;Un niño produce un sonido. El siguiente debe transformarlo ligeramente y pasarlo al siguiente. Al final se compara el sonido original con el resultado final.
ACT 93;La Biblioteca Musical;5;10;Ninguno;Desarrollar memoria, imaginación y asociación entre historias y música.;20 minutos;Seleccionar diferentes libros o cuentos infantiles. Los niños eligen una escena y proponen qué tipo de música, ritmo o sonidos podrían acompañarla.
ACT 94;El Mensajero Musical;5;9;Percusión corporal;Desarrollar memoria y comunicación mediante patrones de movimiento.;15 minutos;El docente crea una secuencia de movimientos como palmada, giro, pisada y salto. Un niño debe memorizarla y enseñarla a otro sin que el docente intervenga.
ACT 95;La Carrera de Preguntas Musicales;6;10;Ninguno;Reforzar conocimientos musicales mediante movimiento y toma de decisiones.;15 minutos;Colocar dos posibles respuestas en extremos opuestos del salón. El docente formula una pregunta musical y los niños se desplazan hacia la respuesta que consideran correcta.
ACT 96;El Zoológico de las Voces;3;7;Ninguno;Explorar registros, timbres y posibilidades expresivas de la voz.;10 minutos;Asignar diferentes animales a formas de utilizar la voz. Los niños experimentan con sonidos graves, agudos, largos, cortos, suaves y fuertes sin forzar la voz.
ACT 97;La Orquesta de las Estaciones;4;9;Instrumentos variados;Crear una composición colectiva inspirada en diferentes estaciones del año.;20 minutos;Asignar sonidos a primavera, verano, otoño e invierno. Los niños producen los sonidos correspondientes mientras el docente guía un viaje por las cuatro estaciones.
ACT 98;El Ritmo de las Profesiones;4;9;Percusión corporal;Relacionar movimiento, lenguaje y ritmo mediante situaciones cotidianas.;15 minutos;El docente menciona profesiones como médico, cocinero, bombero o constructor. Los niños inventan un movimiento y un pequeño ritmo que represente cada profesión.
ACT 99;El Mimo Musical;5;10;Ninguno;Desarrollar expresión corporal y comprensión de características musicales.;15 minutos;Un niño recibe una tarjeta con una característica musical como rápido, lento, fuerte, suave, agudo o grave. Debe representarla sin hablar para que los demás la adivinen.
ACT 100;La Fábrica de Sonidos;4;9;Objetos cotidianos;Explorar timbres y crear combinaciones sonoras originales.;20 minutos;Convertir el salón en una fábrica imaginaria. Cada grupo crea sonidos para diferentes máquinas utilizando objetos seguros. Después coordinan todos los sonidos como una gran fábrica.
ACT 101;La Aventura del Capitán Musical;4;9;Ninguno;Combinar escucha, movimiento, imaginación y respuesta a instrucciones.;15 minutos;El docente narra una aventura en la que los niños son tripulantes. Cada situación tiene una acción musical: remar siguiendo un pulso, esconderse en silencio, caminar lentamente o celebrar con movimientos.
ACT 102;El Rompecabezas Musical;6;10;Instrumentos de percusión;Desarrollar secuenciación, memoria y construcción de patrones.;15 minutos;Crear tarjetas con pequeños patrones rítmicos. Los niños deben ordenar las tarjetas para formar una secuencia coherente y después interpretarla con percusión corporal o instrumentos.
ACT 103;El Mensajero Musical;5;9;Percusión corporal;Desarrollar memoria y comunicación mediante patrones de movimiento.;15 minutos;El docente crea una secuencia de movimientos como palmada, giro, pisada y salto. Un niño debe memorizarla y enseñarla a otro sin que el docente intervenga.
ACT 104;La Carrera de Preguntas Musicales;6;10;Ninguno;Reforzar conocimientos musicales mediante movimiento y toma de decisiones.;15 minutos;Colocar dos posibles respuestas en extremos opuestos del salón. El docente formula una pregunta musical y los niños se desplazan hacia la respuesta que consideran correcta.
ACT 105;El Zoológico de las Voces;3;7;Ninguno;Explorar registros, timbres y posibilidades expresivas de la voz.;10 minutos;Asignar diferentes animales a formas de utilizar la voz. Los niños experimentan con sonidos graves, agudos, largos, cortos, suaves y fuertes sin forzar la voz.
ACT 106;La Orquesta de las Estaciones;4;9;Instrumentos variados;Crear una composición colectiva inspirada en diferentes estaciones del año.;20 minutos;Asignar sonidos a primavera, verano, otoño e invierno. Los niños producen los sonidos correspondientes mientras el docente guía un viaje por las cuatro estaciones.
ACT 107;El Ritmo de las Profesiones;4;9;Percusión corporal;Relacionar movimiento, lenguaje y ritmo mediante situaciones cotidianas.;15 minutos;El docente menciona profesiones como médico, cocinero, bombero o constructor. Los niños inventan un movimiento y un pequeño ritmo que represente cada profesión.
ACT 108;El Mimo Musical;5;10;Ninguno;Desarrollar expresión corporal y comprensión de características musicales.;15 minutos;Un niño recibe una tarjeta con una característica musical como rápido, lento, fuerte, suave, agudo o grave. Debe representarla sin hablar para que los demás la adivinen.
ACT 109;La Fábrica de Sonidos;4;9;Objetos cotidianos;Explorar timbres y crear combinaciones sonoras originales.;20 minutos;Convertir el salón en una fábrica imaginaria. Cada grupo crea sonidos para diferentes máquinas utilizando objetos seguros. Después coordinan todos los sonidos como una gran fábrica.
ACT 110;La Aventura del Capitán Musical;4;9;Ninguno;Combinar escucha, movimiento, imaginación y respuesta a instrucciones.;15 minutos;El docente narra una aventura en la que los niños son tripulantes. Cada situación tiene una acción musical: remar siguiendo un pulso, esconderse en silencio, caminar lentamente o celebrar con movimientos.
ACT 111;El Rompecabezas Musical;6;10;Instrumentos de percusión;Desarrollar secuenciación, memoria y construcción de patrones.;15 minutos;Crear tarjetas con pequeños patrones rítmicos. Los niños deben ordenar las tarjetas para formar una secuencia coherente y después interpretarla con percusión corporal o instrumentos.
ACT 112;El Dado Musical;4;9;Percusión corporal;Combinar diferentes acciones musicales de manera aleatoria y desarrollar adaptación rápida.;15 minutos;Crear un dado con seis acciones musicales como palmear, cantar, girar, saltar, pisar y hacer un sonido vocal. Cada niño lanza el dado y todo el grupo realiza la acción durante unos segundos.
ACT 113;La Subasta de Sonidos;6;10;Instrumentos variados;Desarrollar capacidad de elección, creatividad y exploración de timbres.;20 minutos;Presentar varios sonidos o instrumentos como si fueran objetos de una subasta. Los niños reciben fichas imaginarias y deben elegir en cuáles invertir explicando qué les gusta de cada sonido.
ACT 114;El Rompecabezas de Canciones;6;10;Ninguno;Desarrollar memoria musical y reconocimiento de diferentes partes de una canción.;15 minutos;Dividir una canción conocida en fragmentos. Reproducirlos en un orden diferente y pedir a los niños que organicen las partes hasta reconstruir la secuencia original.
ACT 115;El Bingo Musical;5;10;Instrumentos variados;Reforzar reconocimiento auditivo de instrumentos y sonidos.;20 minutos;Entregar cartones con imágenes de instrumentos o elementos musicales. El docente produce o reproduce sonidos y los niños marcan en su cartón el elemento correspondiente.
ACT 116;La Tienda de Ritmos;5;10;Percusión corporal;Crear y combinar patrones rítmicos mediante una dinámica de elección.;20 minutos;"Preparar tarjetas con pequeños patrones rítmicos. Cada niño puede ""comprar"" una tarjeta y después combinar las tarjetas adquiridas para crear una secuencia grupal."
ACT 117;El Laberinto Musical;5;10;Ninguno;Desarrollar orientación, memoria y respuesta a instrucciones musicales.;15 minutos;Crear un pequeño recorrido con obstáculos seguros. Cada zona tiene una regla musical diferente, como avanzar cantando, caminar siguiendo palmadas o detenerse ante un silencio.
ACT 118;La Subida y Bajada de la Montaña;4;8;Piano o teclado;Experimentar con cambios progresivos de altura y expresión corporal.;10 minutos;Los niños imaginan que suben una montaña mientras las notas se vuelven más agudas y bajan cuando las notas descienden. Deben representar el recorrido únicamente con movimientos.
ACT 119;El Puzzle de Instrumentos;5;9;Instrumentos variados;Relacionar partes visuales con instrumentos completos y reconocer sus características.;15 minutos;Preparar imágenes de instrumentos cortadas en varias piezas. Los niños deben reconstruirlas y después identificar cómo se toca cada instrumento.
ACT 120;La Pelota de las Canciones;4;8;Ninguno;Estimular memoria de canciones y participación espontánea.;10 minutos;Los niños pasan una pelota mientras suena una base musical. Cuando el docente detiene la música, quien tenga la pelota debe cantar una pequeña parte de una canción conocida.
ACT 121;El Menú Musical;5;10;Ninguno;Permitir que los niños seleccionen actividades y desarrollen autonomía musical.;15 minutos;Crear un menú con opciones como canción, juego de ritmo, movimiento, instrumento o improvisación. Cada niño elige una opción y el docente la incorpora a la sesión.
ACT 122;La Aduana Musical;5;9;Ninguno;Desarrollar reconocimiento de características musicales mediante clasificación.;15 minutos;Crear una entrada imaginaria a un país musical. Para poder pasar, cada niño debe identificar correctamente una característica de un sonido, como fuerte, suave, largo, corto, agudo o grave.
ACT 123;La Máquina del Tiempo Musical;5;10;Ninguno;Explorar cambios de estilo, tempo y expresión mediante imaginación.;15 minutos;El docente anuncia diferentes épocas o momentos imaginarios. Los niños deben cambiar sus movimientos y forma de interpretar según la época musical propuesta.
ACT 124;El Detective del Error;6;10;Instrumentos de percusión;Desarrollar atención auditiva y capacidad de detectar errores en secuencias musicales.;15 minutos;El docente interpreta una secuencia conocida introduciendo deliberadamente un error. Los niños deben levantar una señal cuando detecten que algo no corresponde.
ACT 125;El Dominó de Ritmos;6;10;Percusión corporal;Construir secuencias rítmicas mediante asociación de patrones.;20 minutos;Preparar fichas donde cada mitad contenga un patrón rítmico. Los niños deben unir fichas cuyos patrones tengan una relación determinada y después interpretar la cadena resultante.
ACT 126;La Puerta Musical;4;8;Ninguno;Desarrollar memoria y asociación entre sonidos y movimientos.;10 minutos;Crear una puerta imaginaria que solo se abre cuando los niños realizan correctamente una combinación de movimientos y sonidos indicada previamente.
ACT 127;El Restaurante de los Sonidos;4;8;Objetos cotidianos;Explorar sonidos de objetos y desarrollar creatividad mediante juego simbólico.;15 minutos;"Los niños imaginan que preparan platos utilizando sonidos en lugar de alimentos. Cada ""ingrediente"" corresponde a un objeto sonoro diferente y deben combinar varios para crear un plato musical."
ACT 128;La Agencia de Viajes Musicales;5;10;Ninguno;Relacionar música con imaginación, movimiento y creación de ambientes.;20 minutos;Los niños eligen entre diferentes destinos imaginarios. Para cada destino deben crear colectivamente sonidos, movimientos y una pequeña escena musical que represente el lugar.
ACT 129;El Cajón de las Sorpresas;3;7;Objetos sonoros;Estimular exploración sensorial y descubrimiento de diferentes timbres.;15 minutos;Colocar objetos seguros dentro de un cajón. Sin mirar, cada niño toca uno, intenta identificarlo por el tacto y después descubre qué sonido puede producir.
ACT 130;La Ruleta de Emociones Musicales;4;9;Ninguno;Relacionar emociones con expresión vocal, corporal y musical.;15 minutos;Preparar una ruleta con emociones. Cada niño gira la ruleta y debe representar la emoción mediante una pequeña canción, sonido o movimiento.
ACT 131;El Constructor de Canciones;6;10;Ninguno;Desarrollar creatividad y composición mediante combinación de elementos.;20 minutos;Entregar tarjetas con personajes, lugares, acciones y palabras. Los niños seleccionan varias y crean una pequeña canción que incluya todos los elementos.
ACT 132;La Orquesta por Capas;6;10;Instrumentos de percusión;Comprender cómo diferentes partes pueden combinarse para formar una pieza musical.;20 minutos;Asignar un patrón diferente a cada grupo. Primero interpreta un grupo, después se incorpora otro y finalmente todos juntos. El docente puede retirar y reincorporar capas.
ACT 133;El Submarino Musical;4;8;Ninguno;Explorar sonidos graves, agudos, silencios y cambios de movimiento.;15 minutos;Los niños imaginan que viajan en un submarino. Los sonidos graves representan las profundidades y los agudos la subida hacia la superficie. Deben acompañar cada cambio con movimientos.
ACT 134;La Maleta Perdida;5;9;Ninguno;Desarrollar memoria y reconocimiento de objetos relacionados con la música.;15 minutos;Mostrar durante unos segundos varias imágenes de objetos musicales. Ocultarlas y retirar una. Los niños deben descubrir cuál objeto desapareció y explicar para qué podría utilizarse.
ACT 135;La Fábrica de Canciones;6;10;Ninguno;Comprender la estructura básica de una canción mediante creación colectiva.;20 minutos;Dividir al grupo para crear diferentes partes: inicio, verso, coro y final. Cada grupo inventa su sección y después todas las partes se unen en una canción.
ACT 136;El Camino de las Texturas;5;10;Instrumentos variados;Explorar diferencias de timbre y textura sonora.;15 minutos;Crear estaciones con instrumentos de sonidos muy diferentes. Los niños pasan por cada estación y describen cómo cambia la sensación del sonido al utilizar diferentes combinaciones.
ACT 137;El Chef del Ritmo;5;10;Percusión corporal;Desarrollar composición rítmica mediante combinación de patrones.;15 minutos;"Los niños reciben tarjetas con ingredientes rítmicos como palmadas, pisadas y golpes suaves. Deben seleccionar varios ingredientes y preparar una ""receta"" rítmica para presentarla al grupo."
ACT 138;La Caja de las Palabras Musicales;5;9;Ninguno;Ampliar vocabulario musical y relacionar conceptos con experiencias sonoras.;15 minutos;Colocar palabras como rápido, lento, brillante, oscuro, suave, fuerte, alegre o misterioso en una caja. Cada niño extrae una palabra y debe encontrar una forma musical de representarla.
ACT 139;El Tribunal Musical;7;10;Ninguno;Desarrollar argumentación, escucha y expresión de opiniones musicales.;20 minutos;"Presentar una situación como ""¿debe esta canción ser rápida o lenta?"". Dividir al grupo en dos equipos y permitir que cada uno defienda musicalmente su elección mediante sonidos o ejemplos."
ACT 140;El Código de Colores;4;8;Instrumentos de percusión;Relacionar colores con acciones musicales y desarrollar memoria visual.;15 minutos;Asignar una acción musical a cada color. Mostrar diferentes combinaciones de colores y pedir a los niños que interpreten la secuencia sin recibir instrucciones verbales.
ACT 141;El Constructor de Ritmos;6;10;Percusión corporal;Crear patrones rítmicos progresivamente mediante selección de piezas.;20 minutos;Entregar tarjetas con diferentes células rítmicas. Los niños eligen varias piezas, las ordenan y las interpretan como una composición propia.
ACT 142;El Teatro de Sombras Musical;5;10;Ninguno;Combinar música, expresión corporal y narración visual.;20 minutos;Utilizar una fuente de luz segura para crear sombras. Los niños representan una pequeña historia mediante movimientos mientras otro grupo crea sonidos para acompañarla.
ACT 143;La Batalla de los Equipos Musicales;6;10;Percusión corporal;Desarrollar cooperación, creatividad y capacidad de crear respuestas musicales.;20 minutos;Dividir el grupo en dos equipos. Un equipo presenta un pequeño patrón o movimiento y el otro debe responder con una creación diferente. Se valoran creatividad, coordinación y participación.
ACT 144;El Mercado de Instrumentos Imaginarios;4;8;Ninguno;Estimular imaginación y creatividad mediante invención de instrumentos.;15 minutos;Cada niño inventa un instrumento imaginario, describe cómo funciona y demuestra cómo sonaría utilizando su voz o el cuerpo. El grupo puede crear una orquesta con todos ellos.
ACT 145;La Clave del Tesoro Musical;5;10;Ninguno;Desarrollar resolución de problemas y reconocimiento de conceptos musicales.;20 minutos;Crear pequeñas pistas musicales que lleven a un tesoro simbólico. Para avanzar, los niños deben resolver retos sobre ritmo, instrumentos, sonidos o canciones.
ACT 146;El Tren de las Palabras Cantadas;4;8;Ninguno;Relacionar lenguaje, melodía y creatividad vocal.;15 minutos;Un niño canta una palabra sencilla con una melodía corta. El siguiente añade otra palabra cantada y así sucesivamente hasta construir una frase musical colectiva.
ACT 147;La Galería Musical;5;10;Ninguno;Desarrollar expresión artística y asociación entre música y representación visual.;20 minutos;Los niños crean dibujos inspirados en una canción o fragmento musical. Después se colocan todos los dibujos como una galería y cada niño explica qué parte de la música representó.
ACT 148;El Mercado de Canciones;6;10;Ninguno;Desarrollar memoria musical y capacidad de seleccionar canciones según situaciones.;15 minutos;Presentar diferentes situaciones como dormir, celebrar, viajar o relajarse. Los niños deben elegir una canción conocida que consideran adecuada para cada situación y explicar por qué.
ACT 149;La Misión Musical;6;10;Ninguno;Combinar resolución de problemas, cooperación y conocimientos musicales.;20 minutos;Presentar una misión con varios retos consecutivos. Para completar cada etapa, los niños deben superar desafíos de ritmo, reconocimiento de instrumentos, canciones o conceptos musicales.
ACT 150;El Mosaico Sonoro;5;10;Instrumentos variados;Crear una composición colectiva mediante combinación de pequeñas ideas musicales.;20 minutos;Cada niño crea un sonido o patrón de pocos segundos. El docente organiza las ideas como piezas de un mosaico y decide cuándo entra cada participante para formar una composición.
ACT 151;La Fotocopiadora Musical;4;8;Ninguno;Desarrollar observación y reproducción precisa de secuencias de movimientos.;10 minutos;Un niño crea una secuencia de tres movimientos. Otro debe observarla cuidadosamente y reproducirla en el mismo orden. Después se incorporan sonidos a los movimientos.
ACT 152;El Mercado del Silencio;5;9;Ninguno;Comprender el valor del silencio dentro de una composición musical.;10 minutos;"Crear una secuencia donde los niños puedan ""comprar"" sonidos o silencios. El docente combina las elecciones para construir una pequeña composición y demuestra cómo los silencios también forman parte de ella."
ACT 153;La Orquesta de Bolsillo;4;9;Objetos cotidianos;Crear música utilizando objetos pequeños y fáciles de transportar.;15 minutos;Cada niño recibe un objeto seguro que pueda producir sonido. Exploran brevemente sus posibilidades y después el docente organiza una pequeña interpretación utilizando todos los objetos.
ACT 154;El Álbum de los Sonidos;5;10;Ninguno;Desarrollar memoria auditiva y clasificación de experiencias sonoras.;20 minutos;Crear páginas imaginarias de un álbum: sonidos de casa, naturaleza, escuela, ciudad y animales. Los niños deben proponer sonidos para cada página y explicar por qué pertenecen a ella.
ACT 155;El Mapa de una Canción;6;10;Ninguno;Reconocer diferentes secciones y cambios dentro de una canción.;20 minutos;Escuchar una canción y representar sus diferentes partes mediante símbolos, dibujos o movimientos. Después los niños siguen el mapa mientras vuelven a escucharla.
ACT 156;El Mercado de Timbres;5;10;Instrumentos variados;Comparar y clasificar instrumentos según sus características sonoras.;15 minutos;Presentar varios instrumentos. Los niños deben organizarlos en grupos según criterios que ellos mismos propongan, como sonido brillante, suave, metálico, profundo o vibrante.
ACT 157;El Musical Improvisado;6;10;Ninguno;Desarrollar improvisación, cooperación y expresión escénica.;25 minutos;Dividir al grupo en pequeños equipos y entregar a cada uno un personaje, lugar y situación. Deben crear una escena breve que incluya al menos una canción o sonido musical inventado.
ACT 158;La Máquina de Repeticiones;5;9;Percusión corporal;Comprender la repetición como elemento de construcción musical.;15 minutos;Un niño crea un patrón corto y lo repite varias veces. Otro niño incorpora un segundo patrón que también se repite. Continuar agregando participantes hasta construir una estructura musical.
ACT 159;El Pasaporte Musical;5;10;Ninguno;Reforzar diferentes habilidades musicales mediante un sistema de retos.;25 minutos;Entregar a cada niño un pasaporte con varias pruebas: cantar, reconocer un instrumento, seguir un patrón, identificar una emoción musical y crear un sonido. Cada reto completado recibe un sello simbólico.
ACT 160;La Máquina de Transformaciones;6;10;Instrumentos variados;Experimentar cómo un sonido puede modificarse mediante diferentes características musicales.;20 minutos;Un niño produce un sonido inicial. El docente indica una transformación: hacerlo más largo, más corto, más fuerte, más suave, más rápido o más lento. El niño modifica el sonido según la instrucción.
ACT 161;El Inventor de Reglas Musicales;6;10;Ninguno;Desarrollar creatividad, pensamiento lógico y comprensión de relaciones musicales.;20 minutos;"Cada niño inventa una regla musical sencilla, como ""cuando escuches dos palmadas debes girar"". Después el grupo prueba las reglas creadas y combina varias en un mismo juego."
ACT 162;El Cine Mudo Musical;5;10;Instrumentos variados;Comprender cómo la música puede comunicar acciones, emociones y situaciones sin utilizar palabras.;20 minutos;Representar una escena sin hablar. Otro grupo debe crear en tiempo real los sonidos y música que consideran adecuados para acompañarla.
ACT 163;El Laboratorio de Ecos;5;10;Objetos sonoros;Experimentar con diferentes formas de producir y modificar sonidos.;20 minutos;Preparar varios objetos seguros. Los niños prueban cómo cambia el sonido al golpear, frotar, sacudir o tocar de diferentes maneras y comparan los resultados.
ACT 164;El Desfile de Personajes Musicales;4;9;Ninguno;Relacionar características musicales con expresión corporal y creación de personajes.;15 minutos;Cada niño inventa un personaje musical con una forma particular de caminar y moverse. Después realiza un pequeño desfile mientras el docente asigna diferentes tipos de música a cada personaje.
ACT 165;La Huella del Sonido;3;6;Ninguno;Relacionar sonidos con movimientos simples y desarrollar escucha activa.;10 minutos;"El docente produce sonidos cortos y largos. Los niños dejan una ""huella"" imaginaria con sus manos en el aire: una huella pequeña para sonidos cortos y una grande para sonidos largos."
ACT 166;El Rey de la Canción;4;7;Ninguno;Fomentar participación individual y seguridad para cantar frente al grupo.;10 minutos;"Un niño se sienta en un lugar especial como ""rey"". El grupo canta una canción conocida y, en determinados momentos, el rey decide mediante gestos si todos cantan, cantan suave o hacen silencio."
ACT 167;La Bolsa de las Canciones;3;7;Ninguno;Estimular memoria musical y participación espontánea.;10 minutos;Colocar imágenes de canciones conocidas dentro de una bolsa. Cada niño extrae una imagen y el grupo canta una pequeña parte de la canción representada.
ACT 168;El Espejo por Turnos;3;6;Ninguno;Desarrollar imitación, coordinación y atención visual.;10 minutos;Trabajar en parejas. Un niño realiza movimientos sencillos mientras el otro los imita. Después de unos segundos cambian de papel. Incorporar movimientos relacionados con la música.
ACT 169;La Casa de los Sonidos;3;6;Ninguno;Reconocer sonidos asociados con situaciones cotidianas.;10 minutos;El docente representa diferentes espacios de una casa mediante sonidos. Los niños deben identificar si están en la cocina, dormitorio, baño, sala u otro lugar imaginario.
ACT 170;El Sombrero Musical;4;8;Ninguno;Estimular creatividad y expresión individual mediante pequeños retos.;15 minutos;Colocar tarjetas con retos musicales dentro de un sombrero. Cada niño extrae una tarjeta y realiza el reto, como inventar un sonido, cantar una palabra o crear un movimiento.
ACT 171;La Carrera de los Animales Musicales;3;6;Ninguno;Desarrollar coordinación motriz y asociación entre sonidos y movimientos.;10 minutos;Asignar a cada animal una forma de desplazamiento y un sonido. El docente nombra un animal y los niños deben desplazarse y producir su sonido correspondiente.
ACT 172;El Cofre de los Ritmos;5;8;Percusión corporal;Introducir patrones rítmicos mediante descubrimiento y repetición.;15 minutos;Colocar tarjetas de ritmos dentro de un cofre. Cada niño descubre una tarjeta, la interpreta y el grupo decide si puede incorporarla a una secuencia colectiva.
ACT 173;La Foto Familiar Musical;4;8;Ninguno;Trabajar cooperación y organización espacial mediante representación corporal.;15 minutos;En grupos pequeños, los niños reciben una situación como cumpleaños, paseo o fiesta. Deben crear una pose grupal que represente la situación y acompañarla con un pequeño sonido.
ACT 174;La Estatua del Instrumento;4;7;Ninguno;Reconocer formas de tocar instrumentos mediante expresión corporal.;10 minutos;El docente muestra una imagen de un instrumento. Los niños deben representar con su cuerpo cómo creen que se toca, sin utilizar ningún instrumento real.
ACT 175;El Camino de las Huellas Rítmicas;4;8;Percusión corporal;Desarrollar coordinación mediante asociación entre símbolos y movimientos.;15 minutos;Colocar huellas de papel en el suelo. Algunas representan palmadas, otras pisadas y otras saltos. Los niños recorren el camino interpretando cada huella.
ACT 176;El Detective de la Canción;7;10;Ninguno;Desarrollar memoria musical y reconocimiento de detalles dentro de canciones.;15 minutos;Reproducir una canción conocida y pedir a los niños que escuchen buscando un detalle específico, como una palabra, instrumento, sonido o repetición. Después deben identificar cuándo apareció.
ACT 177;La Pareja Compositora;7;10;Percusión corporal;Desarrollar creación musical colaborativa en parejas.;15 minutos;Cada pareja debe crear un patrón utilizando dos o tres sonidos corporales. Después lo presentan y enseñan al resto del grupo.
ACT 178;El Rompecabezas de Emociones;5;9;Ninguno;Relacionar características musicales con diferentes emociones.;15 minutos;Preparar tarjetas con emociones y otras con características musicales. Los niños deben formar parejas entre una emoción y las características sonoras que consideran adecuadas.
ACT 179;El Repartidor de Ritmos;6;10;Percusión corporal;Desarrollar memoria y coordinación mediante transmisión individual de patrones.;15 minutos;El docente entrega un patrón rítmico a un niño. Este debe enseñárselo a otro sin que el docente intervenga. El segundo lo transmite a otro participante y así sucesivamente.
ACT 180;La Orquesta de las Sombras;6;10;Ninguno;Desarrollar expresión corporal y sincronización grupal.;15 minutos;Un grupo crea movimientos lentos y amplios detrás de una fuente de luz segura. Otro grupo acompaña los movimientos con sonidos vocales o corporales.
ACT 181;El Inspector del Silencio;7;10;Ninguno;Desarrollar concentración y reconocimiento consciente de pausas musicales.;10 minutos;Los niños escuchan una pieza musical e intentan identificar cuántas pausas o momentos de silencio importantes aparecen. Después comparan sus respuestas.
ACT 182;La Postal Musical;5;9;Ninguno;Estimular imaginación y asociación entre música y lugares.;15 minutos;"El docente reproduce un fragmento musical. Los niños imaginan que la música viene de un lugar específico y crean una ""postal"" describiendo qué ven, quién está allí y qué ocurre."
ACT 183;El Mensaje en Clave;7;10;Percusión corporal;Desarrollar comunicación musical y pensamiento simbólico.;15 minutos;Crear un pequeño diccionario donde determinados ritmos representen palabras sencillas. Los niños utilizan esos ritmos para enviar mensajes que sus compañeros deben interpretar.
ACT 184;El Fotograma Musical;5;9;Ninguno;Representar cambios musicales mediante imágenes corporales.;10 minutos;Durante una canción, el docente detiene el audio en diferentes momentos. Los niños deben crear una imagen corporal que represente exactamente cómo percibían la música en ese instante.
ACT 185;El Constructor de Paisajes;6;10;Instrumentos variados;Crear ambientes sonoros mediante selección y combinación de sonidos.;20 minutos;Entregar a pequeños grupos una escena como bosque, playa, ciudad o montaña. Deben seleccionar instrumentos y objetos para construir un paisaje sonoro y presentarlo.
ACT 186;La Caja de Decisiones Musicales;6;10;Ninguno;Desarrollar autonomía y toma de decisiones dentro de una experiencia musical.;15 minutos;Preparar tarjetas con decisiones como rápido/lento, fuerte/suave, cantar/tocar o moverse/quedarse quieto. Cada niño extrae dos tarjetas y debe combinarlas en un pequeño reto.
ACT 187;El Inventor de Instrumentos Imposibles;6;10;Ninguno;Estimular imaginación, vocabulario musical y creatividad.;15 minutos;Cada niño diseña verbalmente un instrumento imposible. Debe explicar su forma, materiales, manera de tocarlo y sonido. Después representa cómo sonaría.
ACT 188;La Cadena de Canciones;5;9;Ninguno;Desarrollar memoria y participación colectiva.;15 minutos;Un niño canta una pequeña parte de una canción. El siguiente debe continuar con otra canción que comience de manera diferente. Continuar hasta crear una cadena de canciones.
ACT 189;El Rompecabezas del Pulso;6;10;Percusión corporal;Comprender regularidad y organización temporal de los ritmos.;15 minutos;Entregar tarjetas que representan pulsos mediante símbolos. Los niños deben ordenar las tarjetas para crear una secuencia regular y después interpretarla.
ACT 190;El Reportero Musical;7;10;Ninguno;Desarrollar expresión oral y capacidad de describir experiencias musicales.;15 minutos;Un niño actúa como reportero y entrevista a un compañero sobre una canción, instrumento o actividad. Debe preguntarle qué escuchó, qué sintió y qué elemento musical recuerda.
ACT 191;La Escena Cambiante;6;10;Ninguno;Desarrollar adaptación y creatividad mediante cambios inesperados.;20 minutos;"Un grupo representa una escena sencilla. El docente introduce cambios como ""ahora todo ocurre lentamente"", ""nadie puede hablar"" o ""la escena está bajo el agua"". Los niños deben adaptar sus movimientos y sonidos."
ACT 192;El Álbum de Familias de Instrumentos;7;10;Instrumentos variados;Reconocer relaciones entre instrumentos y clasificarlos por características.;20 minutos;Entregar imágenes de diferentes instrumentos. Los niños deben formar familias según criterios como forma de producir sonido, material o manera de tocar.
ACT 193;El Mensaje al Futuro;6;10;Ninguno;Estimular composición y expresión musical personal.;15 minutos;Cada niño crea una pequeña secuencia de sonidos que represente un mensaje para alguien del futuro. Después explica qué quería comunicar mediante sus sonidos.
ACT 194;La Subasta de Ritmos;7;10;Percusión corporal;Estimular selección, comparación y creación de patrones rítmicos.;20 minutos;Presentar diferentes patrones rítmicos como opciones. Los niños reciben fichas imaginarias y deben elegir los patrones que consideran más interesantes para construir una composición.
ACT 195;El Camino de los Instrumentos;5;9;Instrumentos variados;Relacionar instrumentos con formas de interpretación mediante movimiento.;15 minutos;Colocar imágenes de instrumentos formando un recorrido. Al llegar a cada imagen, los niños deben representar cómo se toca y producir un sonido aproximado con la voz o el cuerpo.
ACT 196;La Historia al Revés;6;10;Ninguno;Desarrollar creatividad narrativa y capacidad de transformar estructuras conocidas.;15 minutos;El docente cuenta una historia conocida pero cambia deliberadamente algunos acontecimientos. Los niños deben crear sonidos y movimientos que acompañen la nueva versión.
ACT 197;La Batería Humana;5;9;Percusión corporal;Explorar diferentes sonidos corporales y coordinarlos en grupo.;15 minutos;Asignar a cada niño una parte del cuerpo para producir un sonido específico. El docente dirige entradas individuales hasta formar una batería corporal completa.
ACT 198;El Museo Viviente;5;9;Ninguno;Relacionar instrumentos y conceptos musicales con expresión corporal.;15 minutos;Cada niño representa una estatua de un instrumento, músico o concepto musical. Cuando el docente toca una señal, una estatua cobra vida durante unos segundos.
ACT 199;El Mensajero de las Emociones;5;9;Ninguno;Comunicar emociones sin utilizar palabras.;10 minutos;Un niño recibe una emoción y debe transmitirla únicamente mediante un pequeño ritmo corporal y una expresión facial. El resto intenta identificarla.
ACT 200;La Banda de los Objetos Perdidos;5;9;Objetos cotidianos;Desarrollar creatividad mediante combinación de objetos no musicales.;20 minutos;Cada grupo recibe varios objetos cotidianos. Deben descubrir qué sonidos pueden producir y construir una pequeña interpretación utilizando únicamente esos objetos.
ACT 201;El Árbol de las Canciones;5;10;Ninguno;Organizar canciones según características y situaciones.;15 minutos;Dibujar un árbol con varias ramas como dormir, jugar, celebrar, viajar y relajarse. Los niños colocan tarjetas de canciones en la rama que consideran adecuada.
ACT 202;El Juego de las Tres Pistas;6;10;Ninguno;Desarrollar deducción y reconocimiento de conceptos musicales.;15 minutos;El docente da tres pistas sobre una canción, instrumento o concepto musical. Los niños intentan descubrir la respuesta antes de recibir la siguiente pista.
ACT 203;La Composición por Turnos;6;10;Percusión corporal;Crear una pieza musical respetando turnos y aportes individuales.;20 minutos;El primer niño crea un sonido. El siguiente añade otro sin eliminar el anterior. Cada participante incorpora un elemento hasta formar una composición colectiva.
ACT 204;El Director con Tarjetas;5;9;Instrumentos de percusión;Aprender a interpretar señales visuales durante una ejecución musical.;15 minutos;Preparar tarjetas con símbolos que indiquen comenzar, detenerse, repetir, acelerar, disminuir o cambiar de instrumento. Un niño dirige mostrando las tarjetas al grupo.
ACT 205;El Camino de los Sentidos;4;8;Ninguno;Relacionar música con imaginación y percepción corporal.;15 minutos;El docente reproduce música y propone imaginar diferentes sensaciones como caminar sobre arena, hielo, agua o nubes. Los niños modifican sus movimientos para representar cada textura.
ACT 206;La Máquina de Letras;6;10;Ninguno;Relacionar lenguaje, ritmo y creación de palabras.;15 minutos;Los niños reciben letras y deben formar palabras. Después convierten cada palabra en un pequeño patrón rítmico según sus sílabas y combinan varias palabras.
ACT 207;El Musical de un Minuto;7;10;Ninguno;Desarrollar planificación rápida, cooperación y expresión escénica.;20 minutos;Los grupos reciben un personaje, lugar y problema. Tienen pocos minutos para preparar una escena de máximo un minuto que incluya una canción o sonido musical.
ACT 208;La Carrera de Memoria Visual;5;9;Ninguno;Desarrollar memoria visual relacionada con símbolos musicales.;15 minutos;Mostrar durante unos segundos una secuencia de imágenes musicales. Ocultarla y pedir a los niños que reconstruyan el orden utilizando las tarjetas disponibles.
ACT 209;El Traductor Musical;7;10;Ninguno;Relacionar conceptos cotidianos con expresiones musicales.;15 minutos;"El docente propone situaciones como ""estoy feliz"", ""tengo miedo"" o ""quiero descansar"". Los niños deben traducir cada frase a un pequeño ritmo, sonido o movimiento."
ACT 210;La Banda de los Roles;6;10;Instrumentos variados;Comprender diferentes funciones dentro de una interpretación grupal.;20 minutos;Asignar roles como percusión, ritmo, efectos, señales y dirección. Cada grupo practica su función y después todos participan en una interpretación coordinada.
ACT 211;El Retrato Musical;5;10;Ninguno;Utilizar sonidos y música para representar características de una persona o personaje.;15 minutos;Cada niño piensa en un personaje conocido o inventado. Debe crear una pequeña combinación de sonidos, movimientos y ritmo que represente su personalidad.
ACT 212;La Máquina de Historias;5;9;Instrumentos variados;Crear narraciones colectivas a partir de estímulos sonoros.;20 minutos;Cada grupo recibe tres sonidos diferentes. Debe inventar una historia donde esos sonidos tengan un papel importante y después representarla mientras produce los efectos.
ACT 213;El Desafío de las Cinco Opciones;6;10;Ninguno;Desarrollar autonomía y creatividad mediante restricciones musicales.;15 minutos;El docente presenta cinco opciones de creación, como utilizar solo tres sonidos, cantar sin palabras, crear un ritmo con los pies o representar una emoción. Cada niño elige una y desarrolla un pequeño reto.
ACT 214;El Festival Musical;7;10;Instrumentos variados;Integrar diferentes habilidades musicales en una presentación colectiva.;30 minutos;Organizar pequeños grupos y permitir que cada uno prepare una presentación de uno o dos minutos. Puede incluir canto, movimiento, instrumentos, sonidos corporales o una combinación de ellos.
ACT 215;El Guardián del Ritmo;5;9;Percusión corporal;Desarrollar constancia rítmica y responsabilidad dentro de una actividad grupal.;15 minutos;Un niño recibe el rol de guardián y debe mantener un patrón rítmico constante mientras los demás realizan diferentes acciones musicales alrededor. Después se cambia de guardián.
ACT 216;La Máquina de Personajes;4;8;Ninguno;Combinar movimiento, imaginación y expresión musical.;15 minutos;Cada niño recibe una tarjeta con un personaje. Debe crear una forma característica de caminar y un sonido asociado. Después todos forman una máquina donde cada personaje aporta su movimiento.
ACT 217;El Laboratorio de Canciones;7;10;Ninguno;Experimentar con cambios en una canción conocida y comprender sus elementos.;20 minutos;Seleccionar una canción conocida y modificar uno de sus elementos cada ronda: velocidad, volumen, letra, movimiento o forma de interpretarla. Los niños comparan cómo cambia la canción.
ACT 218;Las Huellas de los Gigantes;3;4;Ninguno;Desarrollar coordinación motriz y respuesta a diferentes intensidades musicales.;8 minutos;Colocar huellas grandes de papel en el suelo. Los niños caminan sobre ellas cuando la música suena fuerte y dan pasos pequeños cuando la música se vuelve suave.
ACT 219;La Caja de las Texturas;3;4;Ninguno;Relacionar sensaciones táctiles con diferentes características musicales.;10 minutos;Preparar objetos seguros con texturas diferentes como algodón, cartón y tela. Los niños tocan cada objeto mientras escuchan música y eligen cuál textura creen que combina mejor con ella.
ACT 220;El Tren de los Colores;3;4;Ninguno;Trabajar asociación visual, movimiento y seguimiento de instrucciones.;8 minutos;Colocar tarjetas de colores formando un recorrido. Cada color representa una acción sencilla: caminar, saltar, girar o detenerse. Los niños recorren el camino siguiendo los colores.
ACT 221;El Desfile de los Sonidos;3;4;Ninguno;Estimular expresión corporal y exploración vocal.;10 minutos;Cada niño elige un sonido sencillo y una forma de caminar. Todos realizan un pequeño desfile mientras producen su sonido y observan las creaciones de sus compañeros.
ACT 222;La Casita Musical;3;4;Ninguno;Relacionar sonidos con espacios y acciones cotidianas.;10 minutos;Crear diferentes zonas imaginarias del salón como cocina, dormitorio y jardín. El docente propone una acción y los niños producen un sonido apropiado para ese lugar.
ACT 223;El Paraguas Musical;3;4;Ninguno;Desarrollar reacción corporal ante cambios de sonido.;8 minutos;Los niños imaginan que llevan un paraguas. Cuando escuchan sonidos suaves caminan tranquilamente bajo la lluvia y cuando escuchan sonidos fuertes abren rápidamente el paraguas y se protegen.
ACT 224;Los Zapatos Musicales;3;4;Ninguno;Explorar diferentes formas de desplazamiento relacionadas con música.;8 minutos;Los niños imaginan que tienen diferentes zapatos: gigantes, pequeños, pegajosos, saltarines y silenciosos. El docente cambia la música y anuncia qué zapatos deben utilizar.
ACT 225;La Bolsa de Movimientos;3;4;Ninguno;Estimular elección individual y variedad de movimientos.;10 minutos;Colocar imágenes de movimientos sencillos dentro de una bolsa. Cada niño extrae una imagen y realiza el movimiento durante unos segundos mientras el resto lo acompaña.
ACT 226;El Jardín Musical;3;4;Ninguno;Desarrollar control corporal y exploración de movimientos lentos y rápidos.;8 minutos;Los niños imaginan que son semillas. Empiezan agachados y crecen lentamente mientras suena música hasta convertirse en flores que se mueven con el viento.
ACT 227;La Comida que Canta;3;4;Ninguno;Estimular imaginación, lenguaje y exploración vocal.;10 minutos;El docente muestra imágenes de alimentos. Cada alimento recibe una forma diferente de cantar su nombre: largo, corto, agudo, grave o susurrado.
ACT 228;El Semillero de Ritmos;5;6;Percusión corporal;Construir patrones rítmicos sencillos a partir de elementos individuales.;12 minutos;Cada niño recibe una tarjeta con una acción como palmada, pisada o golpe en las piernas. Los niños se organizan en fila y cada uno aporta su acción para crear una secuencia.
ACT 229;Las Torres Musicales;5;6;Ninguno;Desarrollar memoria y asociación entre símbolos y acciones musicales.;15 minutos;Utilizar bloques de construcción de diferentes colores. Cada color representa una acción musical. El docente construye una torre y los niños interpretan las acciones siguiendo el orden de los bloques.
ACT 230;El Bingo de Movimientos;5;6;Ninguno;Reforzar seguimiento de instrucciones y reconocimiento visual.;15 minutos;Entregar cartones con imágenes de movimientos. El docente muestra o realiza una acción y los niños buscan la imagen correspondiente. Gana quien complete primero una fila.
ACT 231;La Carrera de Parejas Musicales;5;6;Ninguno;Desarrollar cooperación y coordinación entre compañeros.;12 minutos;Formar parejas. Cada pareja debe recorrer un pequeño circuito manteniendo una pelota entre sus hombros o manos mientras sigue un pulso marcado por el docente.
ACT 232;La Fábrica de Ritmos con Bloques;5;6;Percusión corporal;Representar visualmente la duración y orden de pequeños patrones.;15 minutos;Asignar un bloque largo a sonidos largos y bloques pequeños a sonidos cortos. Los niños construyen pequeñas filas con bloques y luego interpretan el patrón representado.
ACT 233;El Menú de Voces;5;6;Ninguno;Explorar diferentes formas de utilizar la voz sin forzarla.;10 minutos;Crear un menú con opciones como voz de gigante, voz de hormiga, voz de robot y voz de viento. Los niños eligen una opción y cantan o pronuncian una palabra utilizando esa característica.
ACT 234;La Carrera de Clasificación Sonora;5;6;Instrumentos variados;Desarrollar capacidad para clasificar sonidos según características simples.;15 minutos;"Colocar dos cajas identificadas como ""sonidos suaves"" y ""sonidos fuertes"". El docente produce diferentes sonidos y los niños deben llevar una tarjeta hacia la caja correspondiente."
ACT 235;El Mercado de Movimientos;5;6;Ninguno;Desarrollar autonomía y elección dentro de una actividad musical.;15 minutos;"Preparar tarjetas con movimientos. Cada niño recibe tres fichas y puede ""comprar"" los movimientos que quiera utilizar. Después combina los movimientos adquiridos en una pequeña secuencia."
ACT 236;La Casa de los Ecos;5;6;Ninguno;Desarrollar memoria y reproducción de pequeñas frases vocales.;10 minutos;El docente pronuncia palabras o sonidos cortos desde una esquina del salón. Los niños responden desde el lado contrario como si fueran el eco de una casa.
ACT 237;El Constructor de Canciones con Dibujos;5;6;Ninguno;Crear pequeñas frases musicales utilizando estímulos visuales.;15 minutos;Mostrar tres o cuatro dibujos consecutivos. Los niños inventan una pequeña frase cantada que incluya los elementos representados por las imágenes.
ACT 238;La Bolsa de Restricciones;7;8;Ninguno;Desarrollar creatividad mediante creación musical con limitaciones.;15 minutos;Cada niño extrae dos tarjetas con restricciones como utilizar solo tres sonidos, no usar palabras o utilizar únicamente sonidos largos. Debe crear una pequeña pieza respetando ambas reglas.
ACT 239;El Relevo de Compositores;7;8;Percusión corporal;Desarrollar composición colaborativa y continuidad de ideas musicales.;20 minutos;Los niños trabajan por equipos. El primer participante crea un pequeño patrón y pasa el turno al siguiente, quien debe agregar un elemento sin eliminar lo anterior.
ACT 240;El Rompecódigo Musical;7;8;Percusión corporal;Desarrollar pensamiento lógico y asociación entre símbolos y sonidos.;15 minutos;Crear una clave donde figuras geométricas representen diferentes sonidos. Los equipos reciben secuencias de figuras y deben descifrarlas antes de interpretarlas.
ACT 241;La Carrera de Estaciones Rítmicas;7;8;Percusión corporal;Practicar diferentes habilidades rítmicas mediante estaciones rotativas.;20 minutos;Preparar cuatro estaciones con retos distintos: mantener pulso, reproducir una secuencia, completar un patrón y crear un ritmo. Los equipos cambian de estación cada pocos minutos.
ACT 242;La Subasta de Canciones;7;8;Ninguno;Desarrollar argumentación, memoria musical y toma de decisiones.;20 minutos;"Presentar situaciones como una fiesta, un momento de descanso o un viaje. Los equipos reciben fichas y deben ""apostar"" por la canción que consideran más adecuada, explicando su elección."
ACT 243;El Intruso Musical;7;8;Instrumentos variados;Desarrollar observación y reconocimiento de categorías musicales.;15 minutos;Mostrar cuatro instrumentos o imágenes donde tres tengan una característica común y uno sea diferente. Los niños deben identificar el intruso y explicar qué criterio utilizaron.
ACT 244;La Partitura de Símbolos;7;8;Percusión corporal;Introducir representación gráfica de patrones musicales.;20 minutos;Los niños inventan símbolos para representar sonidos corporales. Después escriben una pequeña secuencia utilizando sus símbolos y se la entregan a otro compañero para que la interprete.
ACT 245;El Reto de los Tres Sonidos;7;8;Ninguno;Estimular creatividad y composición bajo restricciones específicas.;15 minutos;Cada niño debe crear una composición utilizando únicamente tres sonidos diferentes. Puede repetirlos, cambiar su duración y orden, pero no añadir sonidos nuevos.
ACT 246;La Ruleta de Roles;7;8;Instrumentos variados;Explorar diferentes responsabilidades dentro de una interpretación grupal.;15 minutos;Crear una ruleta con roles como director, percusionista, cantante, encargado de silencios y creador de efectos. Los niños giran y asumen el rol que les corresponda.
ACT 247;El Puzzle de la Canción Perdida;7;8;Ninguno;Reconocer estructura y orden de diferentes partes musicales.;20 minutos;Preparar tarjetas que representen introducción, verso, coro y final. Los equipos escuchan una canción y deben organizar las tarjetas en el orden en que aparecen.
ACT 248;El Juego de las Respuestas Incorrectas;7;8;Ninguno;Desarrollar atención y capacidad para detectar información musical incorrecta.;15 minutos;El docente realiza afirmaciones musicales, algunas correctas y otras deliberadamente incorrectas. Los niños deben decidir si cada afirmación es verdadera o falsa y justificar su respuesta.
ACT 249;El Diseñador de Ritmos;9;10;Percusión corporal;Desarrollar composición rítmica estructurada y pensamiento musical.;20 minutos;Cada niño diseña un patrón de cuatro tiempos utilizando diferentes sonidos corporales. Después escribe o representa visualmente su patrón y lo intercambia con un compañero para que lo interprete.
ACT 250;El Duelo de Improvisación por Turnos;9;10;Percusión corporal;Desarrollar improvisación y capacidad de responder musicalmente a otro participante.;20 minutos;Formar parejas. Un participante crea una frase rítmica y el otro debe responder manteniendo alguna característica del patrón original pero introduciendo una variación propia.
ACT 251;El Arquitecto Musical;9;10;Ninguno;Comprender estructura y organización mediante planificación de una pieza musical.;25 minutos;Los equipos reciben tarjetas de secciones como introducción, desarrollo, repetición, contraste y final. Deben diseñar una estructura y decidir qué sonidos utilizarán en cada sección.
ACT 252;La Investigación del Instrumento Misterioso;9;10;Instrumentos variados;Desarrollar investigación, observación y presentación oral sobre instrumentos.;25 minutos;Cada equipo recibe un instrumento sin conocer su nombre. Debe observarlo, investigar o deducir cómo se toca, qué material lo compone y cómo podría producir sonido. Después presenta sus conclusiones.
ACT 253;La Cámara de Decisiones Musicales;9;10;Ninguno;Desarrollar pensamiento crítico y argumentación sobre decisiones musicales.;20 minutos;"Presentar una situación como ""una canción necesita un final"". Cada equipo recibe varias alternativas y debe discutir cuál elegiría, justificando musicalmente su decisión."
ACT 254;El Director sin Sonido;9;10;Instrumentos de percusión;Desarrollar liderazgo y comunicación no verbal.;15 minutos;Un niño dirige un pequeño grupo utilizando únicamente gestos previamente acordados. No puede hablar. Debe controlar entradas, pausas, intensidad y final.
ACT 255;El Reto de la Transformación;9;10;Ninguno;Comprender cómo los cambios musicales modifican una composición.;20 minutos;"Un equipo crea una pieza corta. Después otro equipo recibe tarjetas de transformación como ""más lenta"", ""más misteriosa"", ""sin palabras"" o ""solo sonidos graves"" y debe reinterpretarla."
ACT 256;La Sala de Escape Musical;9;10;Ninguno;Combinar resolución de problemas, memoria y conocimientos musicales.;30 minutos;Preparar varios acertijos musicales encadenados. Cada respuesta correcta proporciona una pista para resolver el siguiente reto hasta encontrar una palabra o código final.
ACT 257;El Productor Musical;9;10;Instrumentos variados;Desarrollar planificación, selección de sonidos y trabajo colaborativo.;25 minutos;Cada equipo debe diseñar una pequeña producción musical. Decide instrumentos, orden de participación, duración de cada sección y forma de comenzar y terminar.
ACT 258;La Batalla de las Estructuras;9;10;Percusión corporal;Comprender diferentes formas de organizar una composición.;20 minutos;Dividir la clase en equipos. Cada equipo recibe los mismos elementos musicales pero debe organizarlos de una manera diferente. Después presentan sus estructuras y comparan los resultados.
ACT 259;El Crítico Musical;9;10;Ninguno;Desarrollar escucha analítica y capacidad para formular opiniones constructivas.;20 minutos;Escuchar una pequeña interpretación de un compañero o grupo. Los niños deben identificar un aspecto que funcionó bien y una sugerencia concreta para mejorarla.
ACT 260;La Partitura Humana;9;10;Percusión corporal;Representar visualmente una estructura musical mediante posiciones corporales.;20 minutos;Cada participante representa una sección o elemento musical mediante una posición. El docente organiza a los niños en el espacio para construir una partitura viviente que después interpretan.
ACT 261;El Reto del Tiempo Limitado;9;10;Instrumentos variados;Desarrollar planificación rápida, creatividad y cooperación.;15 minutos;Los equipos reciben un instrumento y una consigna musical. Tienen cinco minutos para preparar una presentación de máximo treinta segundos utilizando los recursos disponibles.
ACT 262;El Compositor y su Editor;9;10;Ninguno;Desarrollar revisión y mejora de una creación musical.;20 minutos;Un niño crea una pequeña composición y otro actúa como editor. El editor debe proponer un cambio concreto para mejorarla, como modificar el inicio, añadir contraste o cambiar el final.
ACT 263;El Consejo Musical;5;10;Ninguno;Desarrollar toma de decisiones grupales y argumentación adaptada a diferentes edades.;15 minutos;Presentar una decisión como elegir una canción para una celebración. Cada participante propone una opción y explica brevemente su razón. El grupo vota y debe respetar la decisión colectiva.
ACT 264;La Cadena de Categorías;5;10;Instrumentos variados;Desarrollar rapidez mental y conocimiento del vocabulario musical.;10 minutos;El docente anuncia una categoría como instrumentos de cuerda, sonidos de la naturaleza o canciones para dormir. Los niños, por turnos, deben aportar ejemplos sin repetir los anteriores.
ACT 265;El Árbol de Decisiones Musicales;5;10;Ninguno;Desarrollar pensamiento secuencial y comprensión de consecuencias musicales.;15 minutos;"Crear un recorrido de decisiones: si quieres una música tranquila ve por este camino; si quieres una música energética ve por otro. Los niños siguen diferentes rutas y crean una pequeña experiencia musical según sus elecciones."
ACT 266;La Colección del Curador;5;10;Instrumentos variados;Desarrollar clasificación y creación de colecciones según criterios propios.;20 minutos;Los equipos reciben imágenes o instrumentos y deben crear una colección siguiendo un criterio inventado por ellos. Después presentan el criterio utilizado y explican por qué cada elemento pertenece al grupo.
ACT 267;El Rompecabezas Cooperativo de Sonidos;5;10;Instrumentos variados;Desarrollar cooperación y dependencia positiva entre participantes.;20 minutos;Cada niño recibe una parte diferente de una composición y ninguno puede conocer la pieza completa. Deben escuchar a los demás y organizarse para descubrir cómo unir sus partes.
ACT 268;La Ruleta de Restricciones;5;10;Ninguno;Estimular creatividad y adaptación a condiciones cambiantes.;15 minutos;La ruleta contiene restricciones como cantar sin palabras, utilizar solo movimientos, trabajar en silencio o utilizar tres sonidos. Los niños deben crear una pequeña propuesta respetando la condición obtenida.
ACT 269;El Festival de los Miniensambles;5;10;Instrumentos variados;Desarrollar colaboración y preparación de pequeñas interpretaciones.;25 minutos;Formar grupos de tres o cuatro niños. Cada grupo recibe un instrumento o recurso diferente y dispone de unos minutos para preparar una pieza de máximo un minuto.
ACT 270;El Intercambio de Composiciones;5;10;Percusión corporal;Desarrollar lectura, interpretación y comunicación musical.;20 minutos;Cada grupo crea una composición breve y la representa mediante símbolos o instrucciones. Después entrega su creación a otro grupo, que debe interpretarla sin recibir explicaciones adicionales.
ACT 271;La Mesa de Mezclas Musical;5;10;Instrumentos variados;Comprender cómo diferentes elementos pueden entrar, salir y combinarse dentro de una composición.;20 minutos;Asignar a cada grupo un sonido diferente. Un niño actúa como encargado de mezcla y decide cuándo cada grupo entra, sale, aumenta o disminuye su participación.
ACT 272;El Desafío del Cambio Mínimo;5;10;Ninguno;Desarrollar atención a pequeños cambios dentro de una secuencia musical.;15 minutos;El docente presenta una secuencia de movimientos o sonidos. Después modifica únicamente un elemento muy pequeño. Los niños deben identificar qué cambió y describirlo.
ACT 273;La Misión de los Cinco Recursos;5;10;Instrumentos variados;Desarrollar creatividad utilizando recursos limitados.;20 minutos;Cada equipo recibe únicamente cinco recursos sonoros disponibles. Debe crear una presentación musical completa utilizando exclusivamente esos recursos y organizándolos de manera creativa.
ACT 274;Las Burbujas Musicales;3;4;Ninguno;Desarrollar control corporal y reacción ante estímulos musicales sencillos.;8 minutos;"El docente hace sonar música y los niños imaginan que son burbujas flotando por el espacio. Cuando la música se vuelve suave, flotan lentamente; cuando aumenta, suben y bajan con movimientos más amplios."
ACT 275;Los Dedos Cantores;3;4;Ninguno;Explorar la voz y desarrollar coordinación entre movimiento y sonido.;8 minutos;Los niños utilizan los dedos como pequeños personajes. Cada dedo tiene una forma de cantar su nombre: muy agudo, muy grave, largo, corto o susurrado. El docente va indicando qué dedo aparece.
ACT 276;La Cueva Musical;3;4;Ninguno;Explorar contraste entre sonidos y silencio mediante juego simbólico.;8 minutos;Los niños imaginan que entran en una cueva. Dentro deben caminar muy silenciosamente y producir pequeños sonidos cuando encuentran elementos imaginarios como piedras, murciélagos o gotas de agua.
ACT 277;El Sol y la Luna;3;4;Ninguno;Desarrollar asociación entre estímulos visuales y movimiento corporal.;8 minutos;Cuando el docente muestra un sol, los niños se estiran y realizan movimientos amplios. Cuando muestra una luna, se hacen pequeños y realizan movimientos lentos y tranquilos.
ACT 278;La Semilla Sonora;3;4;Ninguno;Estimular imaginación, control corporal y expresión vocal.;10 minutos;Los niños se sientan como semillas. El docente produce sonidos que representan lluvia, viento y sol. Cada sonido provoca una etapa diferente del crecimiento hasta convertirse en una planta que produce su propio sonido.
ACT 279;El Caracol Musical;3;4;Ninguno;Trabajar velocidad de movimiento y control corporal.;8 minutos;"Los niños se desplazan como caracoles siguiendo una música lenta. Cuando escuchan una señal especial deben esconderse dentro de su ""caparazón"" y permanecer quietos hasta escuchar otra señal."
ACT 280;La Fiesta de las Manos;3;4;Percusión corporal;Explorar diferentes posibilidades sonoras de las manos.;8 minutos;Los niños imaginan que sus manos asisten a una fiesta. Pueden saludarse, aplaudir, frotarse, tocar las piernas o hacer pequeños golpecitos siguiendo las indicaciones del docente.
ACT 281;El Pequeño Explorador;3;4;Objetos sonoros;Estimular exploración auditiva y descubrimiento de diferentes sonidos.;10 minutos;Colocar tres objetos seguros que produzcan sonidos diferentes. Cada niño puede explorar uno durante unos segundos y después elegir cuál sonido le gusta más mediante una señal corporal.
ACT 282;La Maleta de las Reglas;5;6;Ninguno;Desarrollar seguimiento de reglas sencillas y memoria de instrucciones.;12 minutos;"Preparar tarjetas con pequeñas reglas como ""cuando escuches una palmada, salta"" o ""cuando escuches dos palmadas, gira"". Añadir progresivamente nuevas reglas para aumentar el desafío."
ACT 283;El Trueque Musical;5;6;Percusión corporal;Desarrollar toma de decisiones y reconocimiento de diferentes sonidos corporales.;15 minutos;Cada niño recibe tres tarjetas con sonidos corporales. Puede intercambiar una tarjeta con otro compañero para conseguir una combinación que le guste más. Al final interpreta las tres tarjetas que conserva.
ACT 284;Las Casas de los Sonidos;5;6;Instrumentos variados;Clasificar sonidos mediante características fácilmente reconocibles.;12 minutos;Crear tres casas: sonidos largos, sonidos cortos y sonidos repetidos. El docente produce diferentes sonidos y los niños deben desplazarse hasta la casa que corresponda.
ACT 285;El Rompecabezas de Movimientos;5;6;Ninguno;Desarrollar secuenciación y memoria corporal.;15 minutos;Entregar a cada niño una tarjeta con un movimiento. Los niños deben organizarse físicamente para formar una secuencia y después realizarla en el orden establecido.
ACT 286;La Tienda de Canciones;5;6;Ninguno;Desarrollar selección musical y asociación entre canciones y situaciones.;15 minutos;"Crear tarjetas con situaciones como cumpleaños, dormir, viajar o jugar. Los niños reciben fichas y pueden ""comprar"" una tarjeta de canción que consideren adecuada para cada situación."
ACT 287;Los Calcetines Rítmicos;5;6;Percusión corporal;Trabajar coordinación bilateral y creación de patrones sencillos.;10 minutos;Los niños utilizan los pies como instrumentos. El docente propone combinaciones como pie derecho, pie izquierdo, ambos pies y pausa. Después los niños crean pequeñas secuencias propias.
ACT 288;La Postal que Cambia;5;6;Ninguno;Relacionar música con imaginación y transformación de escenas.;15 minutos;Mostrar una imagen de un lugar como playa, bosque o ciudad. Los niños representan corporalmente la escena mientras cambia la música, imaginando que el mismo lugar se transforma.
ACT 289;El Ascensor Musical;5;6;Ninguno;Comprender cambios progresivos de altura y movimiento.;10 minutos;"Los niños imaginan que están dentro de un ascensor. Cuando la música sube, levantan progresivamente el cuerpo; cuando baja, descienden. Las pausas representan momentos en que el ascensor se detiene."
ACT 290;La Rueda de los Sonidos;5;6;Instrumentos de percusión;Desarrollar reconocimiento visual y respuesta rápida.;12 minutos;Colocar imágenes de diferentes sonidos formando un círculo. Un niño gira una flecha y debe producir o representar el sonido indicado por la imagen seleccionada.
ACT 291;La Caja de Parejas;5;6;Ninguno;Desarrollar memoria y asociación entre conceptos musicales.;15 minutos;Preparar tarjetas por parejas: rápido-lento, fuerte-suave, agudo-grave, largo-corto. Colocarlas boca abajo y los niños deben encontrar las parejas mediante turnos.
ACT 292;El Reparto de la Banda;5;6;Instrumentos variados;Comprender diferentes funciones dentro de una pequeña agrupación musical.;15 minutos;Entregar tarjetas de roles como pulso, efectos, canción y movimiento. Los niños reciben un rol y deben descubrir qué puede aportar cada función a una interpretación grupal.
ACT 293;El Mapa del Ritmo;7;8;Percusión corporal;Desarrollar lectura de símbolos y planificación de secuencias.;20 minutos;Crear un mapa con casillas que contengan símbolos para diferentes sonidos. Los equipos deben recorrer el mapa siguiendo las casillas y convertir el recorrido completo en una composición rítmica.
ACT 294;La Bolsa de Intercambios;7;8;Instrumentos de percusión;Desarrollar negociación, cooperación y selección de recursos musicales.;20 minutos;Cada equipo recibe diferentes tarjetas de sonidos. Algunos equipos tendrán sonidos repetidos y otros necesitarán ciertos elementos. Deben negociar intercambios para construir una composición completa.
ACT 295;El Árbitro del Ritmo;7;8;Percusión corporal;Desarrollar escucha crítica y capacidad para comprobar reglas musicales.;15 minutos;"Un niño recibe una tarjeta con una regla secreta, como ""el patrón debe tener cuatro sonidos"". Los demás crean patrones y el árbitro determina cuáles cumplen la regla sin revelar inicialmente cuál es."
ACT 296;El Dominó de Decisiones;7;8;Ninguno;Desarrollar pensamiento secuencial y comprensión de consecuencias.;20 minutos;Preparar tarjetas donde cada una presenta una decisión musical y una consecuencia. Los niños deben construir una cadena lógica conectando decisiones con resultados hasta completar un recorrido.
ACT 297;La Carrera de Constructores;7;8;Materiales reciclados;Desarrollar creatividad y construcción bajo restricciones.;25 minutos;Los equipos reciben materiales limitados y deben construir un objeto que produzca sonido. Después deben demostrar al grupo tres formas diferentes de utilizarlo musicalmente.
ACT 298;La Carta Secreta del Director;7;8;Instrumentos variados;Desarrollar liderazgo y capacidad de interpretar instrucciones ocultas.;15 minutos;Un niño recibe una tarjeta con instrucciones secretas sobre cómo debe comportarse la interpretación. Debe dirigir al grupo para conseguir el resultado sin mostrar la tarjeta.
ACT 299;El Reto del Sonido Exacto;7;8;Instrumentos variados;Desarrollar precisión auditiva y control de la interpretación.;15 minutos;El docente establece una condición concreta como tocar tres veces, mantener un sonido durante dos segundos o realizar dos sonidos separados por una pausa. Los niños intentan reproducir exactamente la condición.
ACT 300;La Ruta de las Decisiones;7;8;Ninguno;Desarrollar autonomía y creación musical a partir de elecciones sucesivas.;20 minutos;Crear un recorrido con bifurcaciones. En cada punto los niños deben elegir entre opciones como cantar o tocar, rápido o lento, fuerte o suave. Al final interpretan la combinación de decisiones tomada.
ACT 301;La Caja Negra Musical;7;8;Ninguno;Desarrollar pensamiento deductivo y reconocimiento de relaciones musicales.;15 minutos;El docente establece una regla secreta para una caja imaginaria. Presenta ejemplos de sonidos que pueden entrar y otros que no. Los niños analizan los ejemplos e intentan descubrir la regla.
ACT 302;La Asamblea de Canciones;7;8;Ninguno;Desarrollar argumentación y toma de decisiones democrática.;20 minutos;Presentar tres canciones posibles para una actividad. Cada niño debe defender una opción utilizando al menos una razón musical. Después se realiza una votación y se ejecuta la canción ganadora.
ACT 303;La Misión de los Recursos Perdidos;7;8;Instrumentos variados;Desarrollar cooperación y resolución de problemas.;20 minutos;Cada equipo recibe una composición incompleta y varios recursos musicales. Algunas partes necesarias están repartidas entre equipos. Deben colaborar e intercambiar recursos para reconstruir la pieza.
ACT 304;La Ficha de Poder Musical;7;8;Percusión corporal;Introducir estrategia sencilla y toma de decisiones durante una actividad rítmica.;20 minutos;Cada niño recibe una ficha de poder que puede utilizar una sola vez para pedir una repetición, cambiar el tempo, añadir un sonido o modificar una regla durante una composición grupal.
ACT 305;El Inspector de Secuencias;9;10;Ninguno;Desarrollar análisis de estructuras y detección precisa de errores.;20 minutos;El docente presenta una secuencia de varios movimientos o sonidos. Después realiza una segunda versión con dos modificaciones. Los niños deben identificar exactamente qué elementos cambiaron y en qué posición.
ACT 306;La Bolsa de Composición;9;10;Ninguno;Desarrollar composición utilizando elementos aleatorios.;25 minutos;Preparar tarjetas separadas en categorías de ritmo, dinámica, movimiento y timbre. Cada estudiante extrae una tarjeta de cada categoría y debe construir una propuesta musical respetando todas las condiciones.
ACT 307;El Editor Musical;9;10;Ninguno;Desarrollar capacidad de análisis y mejora de composiciones.;20 minutos;Un equipo presenta una pieza corta. Otro equipo actúa como editor y debe identificar dos elementos que funcionan bien y proponer un cambio específico que mejore la estructura, contraste o final.
ACT 308;El Mercado de Recursos Musicales;9;10;Instrumentos variados;Desarrollar planificación, negociación y administración de recursos.;25 minutos;Cada equipo recibe una cantidad limitada de fichas. Diferentes instrumentos, efectos y recursos musicales tienen un costo. Los equipos deben decidir en qué invertir para preparar la mejor presentación posible.
ACT 309;La Partitura Fragmentada;9;10;Ninguno;Desarrollar reconstrucción de estructuras musicales a partir de información parcial.;20 minutos;Entregar a diferentes estudiantes fragmentos de instrucciones de una composición. Ninguno posee la información completa. Deben comunicarse, ordenar las piezas y reconstruir colectivamente la partitura.
ACT 310;El Tribunal del Ritmo;9;10;Percusión corporal;Desarrollar análisis, argumentación y evaluación musical.;20 minutos;Presentar dos interpretaciones diferentes del mismo patrón. Un grupo actúa como jurado y debe evaluar aspectos concretos como precisión, regularidad y coordinación, justificando su decisión.
ACT 311;La Composición con Presupuesto;9;10;Instrumentos variados;Desarrollar planificación y toma de decisiones bajo restricciones.;25 minutos;Cada instrumento o recurso tiene un valor ficticio y cada equipo recibe un presupuesto limitado. Deben elegir qué comprar para crear una pieza de máximo un minuto y explicar sus decisiones.
ACT 312;El Código de las Cuatro Capas;9;10;Instrumentos variados;Desarrollar comprensión de estructura y coordinación de múltiples elementos.;25 minutos;Cada equipo debe diseñar cuatro capas musicales diferentes: pulso, ritmo, efecto y melodía o voz. Después decide cuándo aparece cada capa y crea una composición organizada.
ACT 313;La Partitura Perdida;9;10;Ninguno;Desarrollar reconstrucción musical mediante pistas y razonamiento.;25 minutos;Entregar pistas sobre una composición desaparecida: comienza suave, contiene una repetición, cambia de velocidad y termina con silencio. Los equipos deben reconstruir una versión que cumpla todas las pistas.
ACT 314;El Productor y los Músicos;9;10;Instrumentos variados;Desarrollar liderazgo, comunicación y planificación de una producción musical.;25 minutos;Un estudiante actúa como productor y los demás como músicos. El productor debe organizar la entrada de cada participante, definir estructura, ensayar y presentar la pieza sin tocar directamente.
ACT 315;El Reto de la Información Incompleta;9;10;Ninguno;Desarrollar comunicación estratégica y resolución cooperativa de problemas.;25 minutos;Cada miembro del equipo recibe información diferente sobre una composición. Solo podrán resolver el reto si todos comparten correctamente sus datos y descubren cómo relacionarlos.
ACT 316;El Laboratorio de Variaciones;9;10;Percusión corporal;Comprender cómo pequeñas modificaciones transforman una composición.;20 minutos;Crear un patrón base. Los estudiantes deben producir cuatro variaciones cambiando únicamente un elemento cada vez: duración, orden, intensidad o pausa. Después comparan las versiones.
ACT 317;El Compositor con Restricciones;9;10;Ninguno;Desarrollar creatividad avanzada bajo múltiples condiciones simultáneas.;25 minutos;Cada equipo recibe cuatro restricciones al azar, por ejemplo comenzar en silencio, utilizar solo tres sonidos, incluir una repetición y terminar con un sonido largo. Deben crear una pieza que cumpla todas.
ACT 318;El Desafío del Ensayo;9;10;Instrumentos variados;Desarrollar planificación, organización y capacidad de mejorar una interpretación.;30 minutos;Cada grupo realiza primero una interpretación sin preparación. Después dispone de cinco minutos para identificar problemas, repartir responsabilidades y ensayar una segunda versión mejorada.
ACT 319;El Crítico Anónimo;9;10;Ninguno;Desarrollar escucha analítica y capacidad de recibir retroalimentación.;20 minutos;Cada equipo escucha una interpretación sin saber quién la realizó. Debe escribir dos fortalezas y una recomendación concreta. Después se revela el grupo y se comparan las observaciones.
ACT 320;La Negociación Musical;9;10;Instrumentos variados;Desarrollar negociación, estrategia y toma de decisiones colectivas.;25 minutos;Cada equipo recibe una necesidad diferente para crear una composición y recursos limitados. Para conseguir los instrumentos o sonidos que necesita debe negociar con otros equipos y llegar a acuerdos.
ACT 321;La Máquina de Prioridades;9;10;Ninguno;Desarrollar capacidad para establecer prioridades dentro de una creación musical.;20 minutos;Presentar diez posibles elementos para una pieza musical. Los equipos solo pueden elegir cinco y deben justificar cuáles consideran indispensables para que la composición funcione.
ACT 322;El Reto del Director Sustituto;9;10;Instrumentos variados;Desarrollar liderazgo flexible y capacidad para mantener una estructura creada por otro.;20 minutos;Un estudiante diseña una estructura musical y dirige la primera ejecución. Después otro estudiante debe sustituirlo y mantener la estructura sin recibir nuevas instrucciones.
ACT 323;La Búsqueda de la Regla Oculta;5;10;Ninguno;Desarrollar observación, razonamiento y descubrimiento progresivo de reglas.;15 minutos;El docente selecciona una regla secreta relacionada con movimientos o sonidos. Presenta ejemplos que cumplen y no cumplen la regla. Los niños deben formular hipótesis hasta descubrirla.
ACT 324;El Trueque de Ideas;5;10;Ninguno;Desarrollar cooperación, intercambio y transformación de ideas musicales.;20 minutos;Cada participante crea una idea musical breve y recibe una tarjeta. Después intercambia su tarjeta con otro compañero y debe transformar la idea recibida sin perder su característica principal.
ACT 325;La Galería de Composiciones;5;10;Ninguno;Desarrollar creación, observación y retroalimentación entre compañeros.;25 minutos;Cada equipo crea una pequeña composición y la representa mediante símbolos o dibujos. Las creaciones se colocan por el salón y los demás equipos recorren la galería intentando interpretar las instrucciones.
ACT 326;El Voto Secreto Musical;5;10;Ninguno;Desarrollar evaluación y toma de decisiones individual antes de llegar a un consenso grupal.;15 minutos;Después de escuchar varias interpretaciones, cada niño vota secretamente por la que considera más coordinada, creativa o expresiva. Después se revelan los resultados y se conversa sobre las razones.
ACT 327;La Ruleta de Recursos;5;10;Instrumentos variados;Desarrollar adaptación y creatividad frente a recursos cambiantes.;20 minutos;Cada equipo comienza creando una pieza con determinados recursos. Cada cierto tiempo se gira una ruleta que puede obligarlos a añadir, retirar o cambiar un recurso y deben adaptar la composición.
ACT 328;El Constructor y el Intérprete;5;10;Percusión corporal;Desarrollar comunicación precisa entre quien crea una instrucción y quien debe ejecutarla.;20 minutos;Un niño crea una secuencia utilizando dibujos o símbolos. Otro debe interpretarla sin haber visto cómo fue creada. Después comparan la intención original con el resultado y ajustan las instrucciones.
ACT 329;La Feria de Soluciones Musicales;5;10;Ninguno;Desarrollar resolución de problemas mediante múltiples estrategias.;25 minutos;"Presentar problemas como ""el grupo pierde el pulso"" o ""la canción necesita un final"". Los equipos deben inventar una solución y presentarla. Después comparan diferentes soluciones para el mismo problema."
ACT 330;El Desafío del Recurso Único;5;10;Instrumentos variados;Estimular creatividad y exploración profunda de un único recurso sonoro.;15 minutos;Cada participante recibe un solo objeto o instrumento. Debe descubrir al menos tres maneras diferentes de utilizarlo musicalmente y después combinar una de ellas con las propuestas de sus compañeros.
ACT 331;El Cambio de Perspectiva Musical;5;10;Ninguno;Desarrollar flexibilidad creativa y comprensión de diferentes interpretaciones.;20 minutos;Presentar una misma escena, como una tormenta o una celebración. Cada grupo debe representarla desde una perspectiva diferente: alegre, misteriosa, tranquila o caótica.
ACT 332;La Liga de los Miniensambles;5;10;Instrumentos variados;Desarrollar preparación, cooperación y mejora progresiva de interpretaciones.;30 minutos;Formar pequeños ensambles que preparan una pieza breve. Después de cada presentación reciben una consigna de mejora y realizan una segunda versión aplicando el cambio.
